AAAGGATTCGTCGCTT-1_1	7
AAAGGGCGTATGCAAA-1_1	5
AAAGGGCGTCTTGTCC-1_1	5
AAAGTGACAGAACATA-1_1	5
AAATGGAAGCTTCATG-1_1	3
AACAAAGCAAGTCCAT-1_1	0
AACAAAGCACGGCGTT-1_1	5
AACAAGATCGTCCATC-1_1	6
AACCATGAGCATGAAT-1_1	6
AACCTGATCCGCACGA-1_1	7
AAGACAACAAGGATGC-1_1	1
AAGCCATAGTATAACG-1_1	0
AAGCGAGTCCAGCAAT-1_1	1
AAGGTAATCAGGAAAT-1_1	1
AAGTACCTCAAAGGTA-1_1	7
AAGTCGTAGCAAGGAA-1_1	5
AAGTCGTTCCAAGCCG-1_1	7
AAGTGAAAGAGCATTA-1_1	7
AAGTGAAAGCAATAGT-1_1	3
AATCGTGCAGCGGTTC-1_1	7
AATGACCAGAGATGCC-1_1	5
AATGCCACAGCGTTGC-1_1	5
AATGGCTAGGTGCCTC-1_1	2
AATTCCTGTGGCTAGA-1_1	7
AATTTCCGTGGTATGG-1_1	5
AATTTCCGTTCCGCGA-1_1	3
ACAAAGAAGTCTCCTC-1_1	5
ACAAAGAGTACACTCA-1_1	5
ACAAGCTGTCTACACA-1_1	6
ACAAGCTGTGGTCTCG-1_1	0
ACAAGCTGTTTCCAAG-1_1	0
ACACAGTGTATCGTAC-1_1	0
ACACAGTGTCGGTGAA-1_1	5
ACACGCGGTCACTAGT-1_1	7
ACAGGGACACGCAAAG-1_1	5
ACATCGACACCAAAGG-1_1	5
ACATCGATCGTGGCGT-1_1	6
ACATTTCCAGTAGATA-1_1	5
ACCAAACTCGGCTCTT-1_1	7
ACCAACAAGCATGATA-1_1	7
ACCACAACAAAGTGTA-1_1	5
ACCCTCAAGGTAGTCG-1_1	7
ACCGTTCCATCGTGCG-1_1	3
ACCTGTCCAACGACAG-1_1	1
ACGATCAGTCTTCATT-1_1	5
ACGATGTAGCAGCAGT-1_1	5
ACGCACGGTCCAGCGT-1_1	5
ACGGAAGAGTCATCCA-1_1	0
ACGGTCGTCGTTTACT-1_1	0
ACGTAACCACCGTCTT-1_1	6
ACGTAACTCCGCGATG-1_1	2
ACGTCCTTCAAACCCA-1_1	0
ACTATCTAGGGACTGT-1_1	7
ACTATCTTCCGTAGGC-1_1	5
ACTATTCCAAGAGTTA-1_1	5
ACTGTGAAGCCTGACC-1_1	0
ACTTAGGTCAAGTAAG-1_1	7
ACTTATCGTACGAGTG-1_1	7
ACTTCCGAGTCGGCAA-1_1	1
ACTTCGCCAGCCATTA-1_1	5
ACTTCGCGTCTTGCGG-1_1	0
ACTTTCAAGGACAGCT-1_1	5
ACTTTGTTCTCTCTTC-1_1	5
AGAAATGGTGATTCAC-1_1	5
AGAACAATCGAAGCCC-1_1	7
AGACAAATCATCACCC-1_1	5
AGAGAATCACGCTGAC-1_1	7
AGAGCCCGTTCTCTCG-1_1	6
AGATAGATCTAATTCC-1_1	7
AGATCGTTCTGGACCG-1_1	0
AGATGAAGTAACACCT-1_1	2
AGATGCTCACCCTAAA-1_1	0
AGCATCACACAGTCCG-1_1	6
AGCATCACACCGGAAA-1_1	5
AGCATCATCAAGTGGG-1_1	6
AGCCAATCACTAGGCC-1_1	2
AGCGATTTCGGTCAGC-1_1	0
AGCGCCATCAAACCTG-1_1	6
AGCGTATCATTCAGCA-1_1	3
AGCTACACAGTCAGAG-1_1	5
AGCTACATCCGTCCTA-1_1	5
AGCTCAACAGAGGGTT-1_1	0
AGCTCAAGTAGCGTAG-1_1	2
AGCTTCCTCGGAAGGT-1_1	0
AGGAGGTAGCAAGCCA-1_1	7
AGGAGGTCAAGACGAC-1_1	0
AGGATAAAGATAGGGA-1_1	7
AGGATAACATCTATCT-1_1	7
AGGATAAGTCCCAAAT-1_1	5
AGGCATTCACGACCTG-1_1	5
AGGCCACTCGTGGGAA-1_1	5
AGGCTGCGTTGTTGAC-1_1	3
AGGGTGAGTCGAGTGA-1_1	5
AGGGTTTAGGTCGTGA-1_1	7
AGGTCATCAGCATGCC-1_1	7
AGGTGTTTCTGTTCAT-1_1	6
AGGTTACGTGATACTC-1_1	5
AGTACCATCAGCAGAG-1_1	6
AGTAGCTAGTGCACCC-1_1	1
AGTCAACAGGGTTGCA-1_1	5
AGTCACAGTCGCAACC-1_1	5
AGTCTCCAGATCGACG-1_1	0
AGTGCCGTCTCCCATG-1_1	0
AGTTCCCAGTAGTCCT-1_1	5
ATACCGACAGCGACCT-1_1	1
ATACCGATCATTTCCA-1_1	1
ATACTTCAGACGAAGA-1_1	5
ATACTTCCACAAATCC-1_1	5
ATACTTCGTCCGACGT-1_1	7
ATAGACCTCAGACCGC-1_1	7
ATAGAGACAGTGCCTG-1_1	6
ATATCCTAGGCTCCCA-1_1	5
ATCACGAAGTAGGGTC-1_1	6
ATCATTCCACACTGGC-1_1	0
ATCCACCTCAAGCCAT-1_1	2
ATCCATTGTCGCTGCA-1_1	0
ATCCGTCGTATCAGGG-1_1	4
ATCCTATCAGCAGTAG-1_1	7
ATCGCCTCAAGATCCT-1_1	5
ATGAAAGAGTTCACTG-1_1	7
ATGAAAGCATGTTCAG-1_1	7
ATGACCACATAGATGA-1_1	7
ATGACCATCGCTACGG-1_1	5
ATGAGGGGTGAACGGT-1_1	7
ATGAGTCAGTACGTCT-1_1	5
ATGCATGTCCTTACCG-1_1	6
ATGCCTCTCGGTGTTA-1_1	5
ATGCGATGTTTGGGAG-1_1	3
ATGGAGGCACCTTCGT-1_1	5
ATGGATCAGCTACGTT-1_1	5
ATGGATCTCTTGGTGA-1_1	6
ATGGGAGAGTACTGTC-1_1	3
ATGGGAGCAACCGTGC-1_1	7
ATGGGAGTCTTCCACG-1_1	5
ATGGGTTCAATAGTGA-1_1	7
ATGGGTTCATGCCGGT-1_1	3
ATTACCTAGATTGACA-1_1	0
ATTCAGGCAACCGTAT-1_1	5
ATTCGTTCAGTAACGG-1_1	6
ATTCTTGAGACTTCCA-1_1	0
ATTGGGTGTCAAACGG-1_1	5
ATTGTTCCAGACCGCT-1_1	0
ATTTACCAGTTTAGGA-1_1	5
ATTTCACCATGAATCC-1_1	3
ATTTCACTCGCTACAA-1_1	7
CAACAGTTCTCGTGAA-1_1	6
CAACCAAGTCTGCAAT-1_1	0
CAACGATGTCCACTTC-1_1	7
CAACGGCTCAAGATAG-1_1	5
CAAGGGAGTATAGCTC-1_1	7
CAAGGGAGTTTACGAC-1_1	2
CAATACGCAATACCCA-1_1	7
CAATACGGTCTAGGCC-1_1	0
CAATCGACAGTCAACT-1_1	2
CAATCGAGTGACACGA-1_1	5
CAATGACTCTCCTGTG-1_1	5
CAATTTCAGGGAGGCA-1_1	5
CACAACAGTACAACGG-1_1	3
CACAACATCAACCTCC-1_1	1
CACACAATCGCATGAT-1_1	2
CACAGATCACATATGC-1_1	7
CACAGATCATTCAGGT-1_1	5
CACAGATTCAACCTTT-1_1	1
CACAGATTCTGTCTCG-1_1	3
CACAGGCGTTTCAGAC-1_1	5
CACCAAATCACGGAGA-1_1	7
CACGGGTTCGACATTG-1_1	1
CACGTGGTCCATCAGA-1_1	7
CACTAAGCAGGCACTC-1_1	5
CACTGAAAGCTGTTAC-1_1	5
CACTGAAAGTGAGGTC-1_1	7
CACTGTCAGCACGTCC-1_1	5
CACTGTCTCCCATAAG-1_1	6
CAGAGCCAGCTAAACA-1_1	5
CAGATTGAGTCATACC-1_1	5
CAGCAATTCCTGTAGA-1_1	5
CAGCCAGAGAGGACTC-1_1	5
CAGCCAGGTCGTGTTA-1_1	5
CAGCCAGTCAGGACAG-1_1	7
CAGGGCTCACTTCAAG-1_1	0
CAGGTATAGTGCAACG-1_1	3
CAGGTATTCTAGTTCT-1_1	0
CAGTTCCTCCCATACC-1_1	6
CATACAGGTCGTGATT-1_1	2
CATACCCCATGACCCG-1_1	5
CATACCCTCTAGTGAC-1_1	5
CATACTTAGATCCCGC-1_1	5
CATACTTAGGGCAAGG-1_1	7
CATACTTGTGACAACG-1_1	7
CATAGACAGCTCAGAG-1_1	0
CATAGACCAAGCGCAA-1_1	6
CATCAAGAGGGATCAC-1_1	6
CATCAAGGTGCGAGTA-1_1	0
CATCCACAGAGCAACC-1_1	5
CATCCCACATGTACGT-1_1	3
CATCCCATCCAATGCA-1_1	5
CATCCGTGTACTTCCC-1_1	5
CATCGTCTCGACATCA-1_1	5
CATGGATGTCTACGTA-1_1	6
CATGGATTCACATTGG-1_1	3
CATTCATAGGTTCCAT-1_1	7
CATTCATGTACCCACG-1_1	5
CATTCTAGTTGCATCA-1_1	7
CATTGAGTCGATACAC-1_1	5
CATTTCATCCACTTTA-1_1	0
CCACTTGAGACAACAT-1_1	5
CCACTTGAGTTGGGAC-1_1	7
CCATAAGGTCTGTGAT-1_1	5
CCATCACGTTGACTGT-1_1	6
CCATCACTCCACACAA-1_1	3
CCCAACTAGTGCGCTC-1_1	3
CCCATTGGTAAGGAGA-1_1	5
CCCATTGGTTCTCACC-1_1	6
CCCGAAGTCAACGCTA-1_1	7
CCCTCAAAGCTGGCTC-1_1	5
CCCTCAATCAAACCCA-1_1	3
CCCTCTCGTGTTGCCG-1_1	5
CCCTGATAGAGTCTTC-1_1	5
CCCTGATCAACAGAGC-1_1	3
CCCTGATCAAGATGGC-1_1	7
CCCTGATCACTGTCGG-1_1	5
CCGAACGCAACGGCTC-1_1	5
CCGGACATCTCGTCAC-1_1	5
CCGTAGGCATGGCCCA-1_1	0
CCGTAGGTCCTCACGT-1_1	0
CCGTGAGAGCCTCTCT-1_1	7
CCGTGAGGTTTGTGGT-1_1	0
CCTACGTCAAATTGGA-1_1	5
CCTATCGAGGTGCCTC-1_1	2
CCTCATGCAGCCCAGT-1_1	5
CCTCCAACAGGACATG-1_1	6
CCTCCTCAGTCATCGT-1_1	2
CCTCCTCCACTCATAG-1_1	0
CCTCTCCCATGGACAG-1_1	6
CCTGTTGGTACATTGC-1_1	7
CCTTTGGAGCTGTTAC-1_1	1
CGAATTGGTCGCAGTC-1_1	5
CGACAGCCATGTTACG-1_1	0
CGAGAAGGTCATGCAT-1_1	5
CGAGGAACACTCAAGT-1_1	5
CGAGGAACACTTGTCC-1_1	4
CGAGTGCAGGCCTTCG-1_1	5
CGATCGGAGAGCAGAA-1_1	0
CGCATAAAGATAGGGA-1_1	6
CGCATGGAGCTTTCTT-1_1	3
CGCCATTCATGGAAGC-1_1	5
CGGAATTCAAGCCTGC-1_1	1
CGGAGAAGTAACAAGT-1_1	5
CGGCAGTCACACAGCC-1_1	5
CGGGCATTCAGACCCG-1_1	3
CGGTCAGGTCTCCCTA-1_1	6
CGTAAGTAGTCGCCAC-1_1	5
CGTAAGTTCATAGAGA-1_1	7
CGTAATGCAAATGCTC-1_1	5
CGTAGTAGTTCATCGA-1_1	5
CGTCAAAGTTGTACGT-1_1	5
CGTGAATCACGCCAGT-1_1	5
CGTGTCTGTTGAGTCT-1_1	3
CGTGTCTTCTACGCAA-1_1	0
CGTTAGATCCTAAACG-1_1	2
CTAAGTGTCACCGGTG-1_1	1
CTACAGACATACTGTG-1_1	7
CTACAGAGTAAGGAGA-1_1	5
CTACAGAGTTTGGGTT-1_1	0
CTACGGGCAACTCATG-1_1	7
CTAGACATCAGCAATC-1_1	5
CTAGGTATCCTGATAG-1_1	6
CTCAACCAGATGATTG-1_1	2
CTCAACCCACAAGCAG-1_1	2
CTCAATTAGGTGGCTA-1_1	7
CTCAATTTCTCGTCGT-1_1	7
CTCAGGGTCAACGTGT-1_1	2
CTCAGGGTCTTCCCGA-1_1	2
CTCCACAGTACTGGGA-1_1	5
CTCCCTCAGCGATGCA-1_1	2
CTCCGATCATCTGGGC-1_1	5
CTCCTCCTCGAGCTGC-1_1	0
CTCGAGGGTAGCGATG-1_1	4
CTCTGGTTCCATCAGA-1_1	5
CTGAGGCAGGTAATCA-1_1	5
CTGCATCAGAGAGCAA-1_1	6
CTGCATCTCATGCCGG-1_1	5
CTGCCATAGTCAGCCC-1_1	5
CTGCGAGGTCGCATTA-1_1	6
CTGCTCATCCGGCAGT-1_1	0
CTGGACGTCAACGTGT-1_1	5
CTGTACCCAAACCACT-1_1	1
CTGTACCCATGCGGTC-1_1	3
CTGTACCGTCCCTCAT-1_1	5
CTGTATTTCTGGCCGA-1_1	0
CTGTCGTTCCTAAGTG-1_1	7
CTGTGAAGTCCACACG-1_1	5
CTTAGGAAGCATGGGT-1_1	7
CTTAGGAAGGTTAAAC-1_1	0
CTTGAGAAGATCACCT-1_1	5
CTTTCAACATGCAGCC-1_1	5
GAAACCTCAGGTATGG-1_1	6
GAACACTAGAGTCGAC-1_1	3
GAACACTGTGTGGTCC-1_1	5
GAACACTTCCCGAGGT-1_1	5
GAACGTTAGTTGGCTT-1_1	6
GAAGAATAGTGAGCCA-1_1	5
GAAGCCCGTTTAAGGA-1_1	7
GAAGCGAAGAGCTTTC-1_1	5
GAAGCGATCGTTGTAG-1_1	5
GAAGGACCACAGCCTG-1_1	5
GAAGGACCACTCTGCT-1_1	6
GAAGGACGTAGCCCTG-1_1	3
GAATAGAGTAGGCAAC-1_1	1
GAATCACCAGATTCGT-1_1	5
GAATCACGTCTTGTCC-1_1	5
GAATCACTCGTGTTCC-1_1	0
GACACGCCAGGAATCG-1_1	2
GACATCATCTAGTCAG-1_1	7
GACCCAGTCTCACCCA-1_1	5
GACGCTGAGGTACATA-1_1	0
GACGTTACATAGCACT-1_1	7
GACTCTCCATCTGCGG-1_1	0
GACTTCCAGACCTTTG-1_1	5
GAGAAATGTAGATCGG-1_1	3
GAGAAATGTCACTACA-1_1	6
GAGACCCCACTCCGGA-1_1	6
GAGACCCTCTTCCTAA-1_1	5
GAGACTTCACTACAGT-1_1	7
GAGAGGTAGCCAGAGT-1_1	5
GAGGCCTAGAAGTGTT-1_1	4
GAGGCCTAGGTCATCT-1_1	6
GAGGGATAGGCCCAAA-1_1	6
GAGGGATGTCGGCTAC-1_1	7
GAGTCTATCACGATCA-1_1	0
GAGTGAGGTCATGCAT-1_1	2
GAGTTTGCATTCTTCA-1_1	6
GATAGCTAGAGCAGCT-1_1	2
GATCAGTCACTAACCA-1_1	6
GATCCCTAGACGACGT-1_1	7
GATCCCTTCATGAGTC-1_1	5
GATCGTAAGGGCAATC-1_1	5
GATCGTATCAGACCGC-1_1	1
GATGACTCATACATCG-1_1	0
GATGAGGTCTTCTAAC-1_1	0
GATGATCAGCATAGGC-1_1	5
GCAACCGCACTTACAG-1_1	7
GCAGCCAAGATCGACG-1_1	7
GCAGTTATCATCAGTG-1_1	5
GCATCGGGTCCATACA-1_1	5
GCATTAGAGAGAAGGT-1_1	7
GCATTAGCACCGAATT-1_1	5
GCCAACGGTGTTACAC-1_1	7
GCCAACGTCATAAGGA-1_1	7
GCCAGGTTCCGACGGT-1_1	3
GCCAGTGTCGCTTACC-1_1	0
GCCATGGAGCAAGGAA-1_1	0
GCCATTCCATTATGCG-1_1	5
GCCCAGAAGCAAGGAA-1_1	5
GCCCAGAAGGTATAGT-1_1	0
GCCCAGAGTGAATTAG-1_1	5
GCCCAGATCGGACTGC-1_1	5
GCCGATGAGAGCACTG-1_1	6
GCCTGTTTCGCTACGG-1_1	3
GCGGATCCAATGAACA-1_1	5
GCGGATCGTACATACC-1_1	1
GCGGATCTCGTCCTTG-1_1	1
GCTACAATCAGAGCAG-1_1	0
GCTACCTAGACGCCAA-1_1	0
GCTGAATAGTTATGGA-1_1	5
GCTGCAGGTGTTACTG-1_1	5
GCTGGGTAGAACAAGG-1_1	5
GGAACCCGTTGGGACA-1_1	3
GGAATCTAGAAGCGGG-1_1	5
GGAATGGAGATGGTAT-1_1	6
GGAATGGCAAATGGAT-1_1	1
GGAGAACAGCGGTAAC-1_1	2
GGATGTTAGGAGAATG-1_1	5
GGCAGTCAGAGGCGTT-1_1	7
GGCTGTGGTTGCAAGG-1_1	5
GGCTTGGCAAGCGATG-1_1	6
GGCTTGGTCGGAGTAG-1_1	7
GGGACAATCGTAACAC-1_1	6
GGGACTCTCACATCAG-1_1	7
GGGAGATGTCCATACA-1_1	0
GGGAGATTCGGCACTG-1_1	5
GGGCCATGTTACCGTA-1_1	3
GGGCGTTGTATCTCTT-1_1	2
GGGTAGAAGGTTGGTG-1_1	0
GGGTAGAGTCACAGTT-1_1	5
GGGTCACAGGCATTTC-1_1	1
GGGTCACTCGGCTGTG-1_1	6
GGGTCTGGTAGGAGTC-1_1	0
GGGTGTCGTCGGTAAG-1_1	1
GGGTGTCTCCCATAAG-1_1	6
GGGTTTAAGTAAGACT-1_1	7
GGTAATCCAGTCGCAC-1_1	5
GGTGAAGCAATAACGA-1_1	0
GGTGTCGAGACTTCCA-1_1	7
GGTGTCGAGTCGCGAA-1_1	7
GGTTAACAGAAACTGT-1_1	1
GGTTCTCCAGTTCACA-1_1	6
GTAACCACAACTGCCG-1_1	7
GTAACCAGTATGTCAC-1_1	1
GTAATGCGTTCTTCAT-1_1	6
GTAGAAAAGTCTGCGC-1_1	0
GTAGAGGTCATTTGTC-1_1	5
GTATTGGAGGTGGCTA-1_1	3
GTATTTCTCATAGAGA-1_1	5
GTCATCCCACATAACC-1_1	5
GTCCACTCAAGAGAGA-1_1	7
GTCGAATTCCATTGTT-1_1	3
GTCGCGAAGATGGCAC-1_1	5
GTCGTTCCATCTTAGG-1_1	0
GTCTACCGTAGCTTAC-1_1	0
GTCTACCGTGCTGATT-1_1	2
GTCTACCTCGTAGGAG-1_1	0
GTCTAGACAAGAGGCT-1_1	5
GTCTTTAGTTCGATTG-1_1	5
GTGACGCGTTGCCGCA-1_1	5
GTGACGCTCGACGCTG-1_1	5
GTGATGTTCTTGGGCG-1_1	6
GTGCAGCGTCTTGTCC-1_1	1
GTGCTGGCAATCTAGC-1_1	3
GTGCTGGGTAGATCCT-1_1	0
GTGGAAGAGGACCCAA-1_1	6
GTGGAAGGTAGTATAG-1_1	0
GTGGGAACAGGAAGTC-1_1	7
GTGTAACGTTTAAGGA-1_1	0
GTGTAACTCAAAGAAC-1_1	5
GTGTGGCGTACTCAAC-1_1	6
GTTACCCCAGCCGGTT-1_1	5
GTTACGATCGAACCAT-1_1	2
GTTAGACGTCAGCGTC-1_1	7
GTTCATTCACCAGCCA-1_1	7
GTTCATTCAGGTTCAT-1_1	5
GTTGCTCAGATAGCAT-1_1	7
TAACACGAGTAAATGC-1_1	6
TAACACGTCCAACCAA-1_1	6
TAACTTCCACGAAGAC-1_1	5
TAAGCGTCAAAGTATG-1_1	5
TAAGTCGAGTCTTCCC-1_1	7
TAATTCCAGAAGCCAC-1_1	6
TACACCCAGACAGCTG-1_1	5
TACACCCGTTTCCATT-1_1	5
TACCCACGTAGCTGCC-1_1	0
TACCGAACAGGCGTTC-1_1	3
TACCGGGAGAGTGGCT-1_1	2
TACCTCGCAATACGAA-1_1	3
TACCTCGCACTGCATA-1_1	6
TACGTCCCAGCACACC-1_1	5
TACTTCACAGGTAGTG-1_1	1
TACTTGTAGCCTTTGA-1_1	7
TACTTGTAGTTGGCGA-1_1	5
TACTTGTGTAGTGCGA-1_1	5
TAGATCGCACGCTTAA-1_1	3
TAGGTACGTCTCTCCA-1_1	7
TAGGTACTCTACCCAC-1_1	5
TAGTGCATCAAAGAAC-1_1	7
TATACCTAGCAACTTC-1_1	7
TATATCCAGACTGGGT-1_1	5
TATCAGGAGAACTCCT-1_1	3
TATCGCCTCACCTCAC-1_1	2
TATCGCCTCTCATTGT-1_1	0
TATGTTCCACGCTGCA-1_1	5
TATTGCTCAAGTCCAT-1_1	6
TATTGCTCATAAGCGG-1_1	5
TATTGGGCAGCACGAA-1_1	6
TATTGGGTCATCTCTA-1_1	2
TATTTCGTCCGCTGTT-1_1	0
TCAAGACCACACAGCC-1_1	3
TCAAGCATCTGGTTGA-1_1	5
TCAAGTGAGGTAAAGG-1_1	5
TCACAAGCAAGGTCGA-1_1	7
TCACGCTCAGGCGTTC-1_1	7
TCACGCTTCTAGTTCT-1_1	5
TCACGGGAGGTAAGAG-1_1	7
TCACGGGCAATTAGGA-1_1	2
TCACGGGGTTAGCTAC-1_1	1
TCACGGGTCGTAGGAG-1_1	7
TCACTATCACCTCTAC-1_1	7
TCACTCGCACTGGCGT-1_1	5
TCACTCGGTTCGAAGG-1_1	5
TCAGGTAAGCATCTTG-1_1	5
TCAGGTACAGATAAAC-1_1	5
TCAGTGACACAAGCAG-1_1	7
TCATACTAGCGATGGT-1_1	6
TCATATCTCAAAGCCT-1_1	1
TCATATCTCCTCTCTT-1_1	7
TCATGAGAGACATATG-1_1	5
TCATGAGTCAAGGTGG-1_1	1
TCATTCAAGAACCGCA-1_1	0
TCATTGTTCATCACTT-1_1	6
TCCACGTCAGTCGTTA-1_1	0
TCCAGAAAGAATAGTC-1_1	0
TCCATCGAGCTGGTGA-1_1	0
TCCATGCGTGAGATTA-1_1	5
TCCCACATCGTTAGAC-1_1	0
TCCCATGAGTAGGAAG-1_1	7
TCCGGGAAGGTCGTAG-1_1	5
TCCTCGAAGGACGGAG-1_1	7
TCCTCTTAGCACTAGG-1_1	5
TCCTGCATCTCGTCAC-1_1	5
TCCTTCTGTATACCTG-1_1	3
TCGAAGTGTGTAACGG-1_1	7
TCGCAGGGTGCCTAAT-1_1	3
TCGCAGGGTTCTCCAC-1_1	5
TCGGGACGTCCTGTCT-1_1	5
TCGGGACTCCCGTGAG-1_1	7
TCGGTCTAGCTGCGAA-1_1	5
TCGTGCTTCCAAAGGG-1_1	2
TCGTGGGTCATGGATC-1_1	7
TCGTGGGTCTCGCCTA-1_1	0
TCTACATTCTCGAGTA-1_1	6
TCTCACGTCTACCTTA-1_1	0
TCTCCGACATAGTCAC-1_1	7
TCTGGCTTCGCATGAT-1_1	6
TCTGTCGGTAGTACGG-1_1	2
TCTTAGTTCTGCACCT-1_1	6
TGAACGTAGTCTGGTT-1_1	6
TGAATCGAGCCTGACC-1_1	7
TGAATGCTCGGTGTAT-1_1	1
TGACCCTGTCGTGATT-1_1	7
TGACCCTTCGCCGTGA-1_1	6
TGAGACTAGCCTTTGA-1_1	7
TGAGCGCTCGCTTACC-1_1	7
TGAGGGAGTAGTACGG-1_1	7
TGAGGTTTCGACCATA-1_1	7
TGAGTCACAAAGGATT-1_1	5
TGATTCTCACTCCTTG-1_1	5
TGCAGATCACAATCTG-1_1	6
TGCAGATTCGCGTAGC-1_1	7
TGCATCCTCCGAGTGC-1_1	7
TGCGGCACACTCTCGT-1_1	7
TGCGGGTCACTCCTTG-1_1	5
TGCGGGTGTGTTAGCT-1_1	1
TGCGGGTTCCGCAGTG-1_1	1
TGCTCCACAATCGAAA-1_1	5
TGCTCCATCAACTACG-1_1	7
TGCTGAAAGCATGAAT-1_1	7
TGCTTCGAGCTGTGCC-1_1	0
TGCTTCGGTCTGGTTA-1_1	5
TGCTTGCTCCCTTGTG-1_1	5
TGGAACTTCCCTCAAC-1_1	5
TGGAGGAGTCGCCTAG-1_1	0
TGGAGGAGTTACTCAG-1_1	5
TGGATCAAGGTCGACA-1_1	6
TGGATCACATTGACTG-1_1	3
TGGATCATCCGCGGAT-1_1	3
TGGATGTGTTCGTAAC-1_1	5
TGGGAGATCGTCTAAG-1_1	0
TGGGCGTTCCCTCATG-1_1	2
TGGTACATCCTACCAC-1_1	2
TGGTTAGAGAGGCGGA-1_1	3
TGTAACGCACTAACCA-1_1	5
TGTACAGGTATATGGA-1_1	6
TGTACAGTCGCCGAGT-1_1	5
TGTCAGAAGCCGTCGT-1_1	7
TGTCAGAGTCCCTCAT-1_1	7
TGTCCCAAGCCAAGGT-1_1	2
TGTCCCATCATTACGG-1_1	5
TGTGAGTAGCCTCTCT-1_1	7
TGTGAGTAGCTCCCTT-1_1	5
TGTGAGTCAAACTCTG-1_1	1
TGTGCGGCAGACTGCC-1_1	6
TGTTCATCACTCTCGT-1_1	3
TGTTCATTCCCAGTGG-1_1	6
TGTTCCGAGGTCATTC-1_1	7
TGTTGAGTCACGGACC-1_1	5
TGTTGAGTCACTTCTA-1_1	0
TGTTGGATCTCTGCCA-1_1	7
TTAATCCGTAGTTCCA-1_1	5
TTACCATTCAGCACCG-1_1	7
TTACGCCAGAGCCCAA-1_1	7
TTACGTTAGGTAGTCG-1_1	7
TTAGGGTGTTACACAC-1_1	3
TTAGTCTGTCAAATCC-1_1	0
TTAGTCTTCAGGGATG-1_1	7
TTAGTCTTCATCTACT-1_1	6
TTATTGCCAATTGGTC-1_1	0
TTCAATCGTTAAACCC-1_1	5
TTCACCGAGCAGCCCT-1_1	5
TTCAGGAAGGAATCGC-1_1	7
TTCAGGACATCGATGT-1_1	3
TTCAGGATCGATTTCT-1_1	6
TTCATTGAGCGTTCAT-1_1	0
TTCATTGCATCATCCC-1_1	7
TTCCAATAGGTAGATT-1_1	0
TTCCGGTGTGTTAACC-1_1	7
TTCCTCTAGGCCTGCT-1_1	6
TTCGCTGCACCAGTTA-1_1	5
TTCTAACGTGGTCTCG-1_1	5
TTCTGTAAGTTACGTC-1_1	5
TTCTTCCGTCTTTCAT-1_1	5
TTCTTGAAGCCACTCG-1_1	6
TTCTTGAGTCCTGGGT-1_1	7
TTGACCCGTTAGGCCC-1_1	5
TTGACCCTCGTGGACC-1_1	6
TTGAGTGCAATCGCGC-1_1	7
TTGAGTGGTGACGCCT-1_1	7
TTGCGTCGTATGAAAC-1_1	6
TTGGGATCAGAGGCTA-1_1	0
TTGGGCGAGTGGAAAG-1_1	5
TTGTTCAGTAGTATAG-1_1	3
TTGTTGTGTTCGTACA-1_1	0
TTTACTGAGCTCATAC-1_1	5
TTTACTGTCAGCCCAG-1_1	5
TTTAGTCCATCGATGT-1_1	0
TTTAGTCGTAGGTGCA-1_1	1
TTTGACTGTCATCGGC-1_1	3
TTTGATCGTCCTCCTA-1_1	5
TTTGGAGAGGTGATCG-1_1	1
TTTGGAGTCGGCATTA-1_1	6
TTTGGTTCAAAGCTAA-1_1	6
TTTGGTTGTACTTCCC-1_1	7
AAAGGTAGTAAGTTAG-1_2	0
AAAGGTAGTCGCAGTC-1_2	0
AAAGTGACAGCCTTCT-1_2	3
AAATGGAGTTAATGAG-1_2	5
AACAACCGTTCTTGTT-1_2	6
AACCAACAGACCCTTA-1_2	5
AACCCAAGTGCATGTT-1_2	7
AACCCAATCTACACAG-1_2	7
AACCTTTAGATGCTAA-1_2	5
AACGAAAAGCTGGCTC-1_2	3
AACGAAATCTTAGCTT-1_2	7
AAGAACACAGGCCTGT-1_2	3
AAGACTCCATGGGATG-1_2	5
AAGGAATGTATACCCA-1_2	5
AAGGAATTCGCATTGA-1_2	5
AAGTACCAGAGACAAG-1_2	5
AAGTCGTCACCATATG-1_2	7
AATCACGAGCCTCACG-1_2	5
AATGAAGCACTGATTG-1_2	0
AATGCCAAGGAAGTCC-1_2	5
AATGCCATCATTTCCA-1_2	7
AATTTCCGTACGTGTT-1_2	5
ACAAAGACAGGACATG-1_2	5
ACAAAGAGTCTCAGGC-1_2	5
ACACAGTCAGTGGCTC-1_2	7
ACACCAACACGGCGTT-1_2	5
ACAGAAAAGCGCCGTT-1_2	1
ACAGAAAGTTGTGTTG-1_2	7
ACAGAAATCTACTCAT-1_2	5
ACAGCCGAGGGTCTTT-1_2	3
ACAGGGATCCAGTACA-1_2	5
ACATCCCGTGCTCTCT-1_2	5
ACATCCCTCCAAGCAT-1_2	0
ACCAACAGTCACCTTC-1_2	5
ACCAACAGTGGAACCA-1_2	5
ACCCTTGAGTAGTGCG-1_2	5
ACCGTTCTCGCAAGAG-1_2	7
ACGATGTAGCTGGCTC-1_2	5
ACGGAAGGTTTGACAC-1_2	7
ACGGTCGGTTCAAACC-1_2	7
ACGTACATCCGATAGT-1_2	5
ACGTAGTTCACATACG-1_2	3
ACGTCCTCATCGGATT-1_2	0
ACGTTCCTCAGCGCAC-1_2	7
ACTATCTAGTTTGTCG-1_2	5
ACTGATGTCATGCGGC-1_2	5
ACTTCCGAGAAGGTAG-1_2	7
AGACCCGGTAACAGGC-1_2	7
AGACTCACAACACAAA-1_2	0
AGACTCAGTCCAGCCA-1_2	7
AGAGAATTCTCGTGGG-1_2	5
AGAGAGCTCAGACCGC-1_2	5
AGAGCCCCATCTGTTT-1_2	0
AGATAGACATAGTCGT-1_2	2
AGATAGATCAACGCTA-1_2	5
AGATGCTTCACGAACT-1_2	0
AGCCAGCGTACGACAG-1_2	5
AGCTCAACAGAAATTG-1_2	0
AGCTTCCTCTATCACT-1_2	1
AGGAATAAGAGTATAC-1_2	5
AGGACTTAGCTAATCC-1_2	5
AGGACTTCATTCGATG-1_2	3
AGGACTTTCCTCAGAA-1_2	5
AGGATAAGTGGCGTAA-1_2	2
AGGCTGCAGTGCCAGA-1_2	1
AGGGCCTCAATACCCA-1_2	1
AGGTAGGTCTCTCAAT-1_2	0
AGGTTACTCCCAAGTA-1_2	7
AGGTTGTCAGTTGCGC-1_2	7
AGGTTGTGTTTCACTT-1_2	0
AGTACCAAGCCGTTAT-1_2	7
AGTACTGGTTTACTGG-1_2	7
AGTAGCTAGCAGATAT-1_2	2
AGTAGCTCATAACTCG-1_2	7
AGTAGTCCATGACCCG-1_2	2
AGTGTTGTCATTGCTT-1_2	0
AGTTAGCCACGCACCA-1_2	5
ATACCGAAGTTACGAA-1_2	5
ATACCTTGTTGCAAGG-1_2	0
ATACTTCCAATGTCAC-1_2	2
ATATCCTTCCGCTGTT-1_2	7
ATCACGAAGTCGCTAT-1_2	1
ATCAGGTTCGGCATCG-1_2	7
ATCCATTGTACGAAAT-1_2	5
ATCCATTGTCAAGTTC-1_2	5
ATCCATTGTTCGAAGG-1_2	7
ATCCCTGCAGAGGGTT-1_2	7
ATCCCTGGTCTATGAC-1_2	3
ATCCGTCAGGTAAAGG-1_2	5
ATCGATGTCTCTGACC-1_2	7
ATCGCCTTCACCACAA-1_2	0
ATCGGATCAGAGGGTT-1_2	5
ATCTCTAAGTCATGCT-1_2	1
ATGAAAGCATATTCGG-1_2	2
ATGACCATCAGAGTTC-1_2	3
ATGAGGGGTAGCGCTC-1_2	2
ATGAGTCAGCCTCATA-1_2	0
ATGCATGGTGTCATCA-1_2	3
ATGCATGTCTAGTACG-1_2	2
ATGCCTCAGCCTCATA-1_2	2
ATGGGTTAGAGAGCGG-1_2	2
ATGGTTGGTCTTACAG-1_2	5
ATGTCCCTCAGTGTCA-1_2	7
ATTCAGGAGGGTAATT-1_2	0
ATTCCCGGTGCAATAA-1_2	7
ATTGTTCGTCCAACGC-1_2	3
CAACAACCATGAGAAT-1_2	4
CAACCAATCTTACCGC-1_2	7
CAAGAGGCATTCAGGT-1_2	7
CAAGCTAAGCACTCAT-1_2	5
CAATACGCAACCGGAA-1_2	7
CAATCGATCGCTTAAG-1_2	5
CACACAATCCCTGGTT-1_2	5
CACCAAAGTATTGCCA-1_2	5
CACCAAATCTCAAAGC-1_2	7
CACGAATAGGAAGTGA-1_2	5
CACGAATCAGGGAATC-1_2	0
CACGTTCGTGCGTCGT-1_2	5
CACTGGGAGCTGCCTG-1_2	7
CACTGTCTCCGTACGG-1_2	2
CAGCAATCATAAGCAA-1_2	7
CAGCACGAGCAGGTCA-1_2	5
CAGTTCCGTCGATTTG-1_2	0
CATACTTAGTGAATAC-1_2	5
CATACTTCATACTGTG-1_2	3
CATCGCTCACATCATG-1_2	2
CATCGCTGTGCAAGAC-1_2	4
CATCGGGCAACAAGTA-1_2	7
CATGAGTGTGCCCAGT-1_2	2
CATGCTCCAATCAAGA-1_2	3
CATGCTCTCTCGGGAC-1_2	2
CATTCTACAAGTTTGC-1_2	0
CATTGCCCATACTTTC-1_2	0
CATTTCAGTGGAAATT-1_2	7
CCAAGCGCAATTGCGT-1_2	5
CCAAGCGTCAGTCTTT-1_2	5
CCAATGACAAGCGAGT-1_2	5
CCACAAACAAGTTGGG-1_2	7
CCACACTCAACGTATC-1_2	5
CCACCATCAATGTCTG-1_2	7
CCCAACTCACCTGCAG-1_2	5
CCCTAACTCAGACATC-1_2	7
CCCTTAGAGCCTGGAA-1_2	0
CCGATGGCAGACGGAT-1_2	2
CCGGGTACAATGCAAA-1_2	5
CCGGTAGAGGCGCTCT-1_2	1
CCGGTGACAACTGTGT-1_2	5
CCTAACCAGTGCAGGT-1_2	0
CCTAACCCACACCAGC-1_2	7
CCTAAGAGTGGGTTGA-1_2	0
CCTCCAACAACCAATC-1_2	7
CCTCTCCAGAAACTAC-1_2	7
CCTTTGGGTACGCTAT-1_2	7
CGAAGTTTCCCTCTTT-1_2	5
CGACAGCAGCATGCAG-1_2	7
CGAGAAGAGGGAGATA-1_2	5
CGAGAAGCACAGGATG-1_2	3
CGATCGGTCCACGTGG-1_2	5
CGATGCGGTTATGACC-1_2	5
CGATGCGTCTTCTGGC-1_2	5
CGATGGCGTGACACAG-1_2	5
CGATGGCGTGCCTACG-1_2	0
CGCATGGCAGACCGCT-1_2	2
CGCCAGAAGGTCGACA-1_2	0
CGGACACCATGGCCCA-1_2	1
CGGGACTCAACCGATT-1_2	0
CGGTCAGTCTGCCTCA-1_2	5
CGTAAGTGTTGGGTTT-1_2	0
CGTAATGCAACATACC-1_2	5
CGTTGGGTCCAAATGC-1_2	7
CTAACCCCACGATAGG-1_2	7
CTATAGGAGTCTAGAA-1_2	2
CTATCTATCGGACAAG-1_2	3
CTCAAGACACTAGGCC-1_2	7
CTCAGAACACGTACTA-1_2	7
CTCATCGGTTGGGATG-1_2	7
CTCATTAGTGAGTAAT-1_2	3
CTCCCTCAGGAGACCT-1_2	2
CTCCGATTCGCTTTAT-1_2	2
CTCCTCCCACAACGTT-1_2	0
CTCTCAGAGCCATGCC-1_2	3
CTGAATGGTCAGTCTA-1_2	0
CTGCATCTCCACTGGG-1_2	2
CTGCCATAGCTTCTAG-1_2	5
CTGCCATAGGGAGGTG-1_2	5
CTGTACCAGCATGCAG-1_2	5
CTGTACCTCTTGGTCC-1_2	5
CTGTGGGGTATCGGTT-1_2	3
CTTACCGGTCATGGCC-1_2	5
CTTACCGTCTAGCATG-1_2	1
CTTCAATGTCAACGCC-1_2	5
CTTCCTTGTCACCGCA-1_2	2
CTTCTAATCGTAGGGA-1_2	1
GAAGAATTCGACATAC-1_2	5
GAAGCCCCACTTCCTG-1_2	3
GAAGGACAGAGAGAAC-1_2	5
GAAGTAACAAAGTGTA-1_2	2
GAATCACAGTAGACAT-1_2	5
GAATCACCAGAGTCTT-1_2	5
GACCAATTCACTCGAA-1_2	2
GACCGTGTCTAGACAC-1_2	1
GACCTTCCAGAGGCAT-1_2	4
GACCTTCCAGGATTCT-1_2	7
GACGTTAAGCACGGAT-1_2	1
GACTCTCAGAGTCCGA-1_2	5
GACTGATTCGCTATTT-1_2	4
GACTTCCGTCGTGGAA-1_2	5
GAGATGGGTCACTTAG-1_2	0
GAGCTGCCACCCTGAG-1_2	7
GAGGCCTTCGGCTGGT-1_2	5
GAGGCCTTCTTCGCTG-1_2	5
GAGTCTACAAGCACCC-1_2	5
GAGTTTGAGCACGGAT-1_2	0
GATCAGTGTAAGTCAA-1_2	5
GATCATGTCCGAGAAG-1_2	5
GATGGAGCAAACGTGG-1_2	0
GATGGAGGTTCTCTAT-1_2	5
GATGTTGAGTGGTTCT-1_2	0
GATGTTGCACTCCCTA-1_2	7
GATGTTGGTCCGGATC-1_2	5
GATTCGAGTAATGTGA-1_2	7
GATTTCTAGAAACACT-1_2	0
GATTTCTCATCGATAC-1_2	3
GCACGTGGTTTATGCG-1_2	2
GCACTAAAGCCTCAAT-1_2	7
GCAGGCTCACCCTCTA-1_2	5
GCAGTTAAGCAGCCTC-1_2	5
GCATCTCAGCGACATG-1_2	7
GCCAACGAGACTCAAA-1_2	5
GCCAGCAGTCTCAGGC-1_2	1
GCCAGGTTCTCCATAT-1_2	0
GCCATTCCAGTTCACA-1_2	6
GCCCGAACATCAGTGT-1_2	7
GCGAGAAAGCGTCTCG-1_2	7
GCGGATCAGCTCATAC-1_2	5
GCGGATCTCAGCACCG-1_2	0
GCTACAAGTCTCAAGT-1_2	7
GCTACCTTCAAGAATG-1_2	5
GCTCAAAGTACATTGC-1_2	5
GCTGAATGTGATACCT-1_2	7
GCTTCACCAACCTAAC-1_2	1
GCTTGGGAGTGCGACA-1_2	5
GGAAGTGTCGTGGCGT-1_2	7
GGAGCAATCAGCGCGT-1_2	7
GGCGTCACACGACGTC-1_2	2
GGGACTCGTAGCACGA-1_2	5
GGGATCCGTTGGCCTG-1_2	5
GGGATCCTCCGTGGCA-1_2	0
GGGCCATTCCTGCTAC-1_2	2
GGGCGTTCATGGAACG-1_2	5
GGGTATTCAGGCATGA-1_2	5
GGGTCTGGTACTGCCG-1_2	7
GGGTGTCCATGATCTG-1_2	2
GGGTTATAGGCGCTCT-1_2	5
GGTAGAGAGACTCATC-1_2	3
GGTCACGTCAGCCCAG-1_2	1
GGTCACGTCGAGTCTA-1_2	5
GGTGATTCACACTGGC-1_2	7
GGTGGCTGTCGTATGT-1_2	7
GGTGTTACACCGGCTA-1_2	7
GGTGTTATCGCTCTCA-1_2	7
GGTTAACAGCTTTGTG-1_2	5
GGTTCTCGTGTGAATA-1_2	0
GGTTCTCGTTGTGGCC-1_2	5
GTAACCAAGTTCGGTT-1_2	6
GTAAGTCAGCGTGAAC-1_2	5
GTAAGTCAGGAACGCT-1_2	1
GTAATCGAGTCATACC-1_2	1
GTACAACGTTAAGAAC-1_2	5
GTAGGTTCAACGGCCT-1_2	5
GTAGGTTCAGCAGTGA-1_2	7
GTAGGTTTCGACGTCG-1_2	7
GTATTGGTCAAGGTGG-1_2	7
GTCACGGCAGATCCAT-1_2	1
GTCAGCGAGTAGGTTA-1_2	2
GTCAGCGCACTGCGAC-1_2	2
GTCATCCCACTGAGTT-1_2	3
GTCATCCTCTTCGTAT-1_2	5
GTCATGATCAGACATC-1_2	5
GTCCTCACAGCATTGT-1_2	2
GTCGAATAGCGAAACC-1_2	7
GTCGAATGTGTGAGCA-1_2	3
GTCGCGAGTTTGTTGG-1_2	0
GTCGTTCCAGTGGGTA-1_2	1
GTCGTTCCATGAAGCG-1_2	5
GTCTCACCAACCGCTG-1_2	7
GTCTGTCAGCGTTGTT-1_2	3
GTCTTTATCGAGTGGA-1_2	7
GTGACGCTCACGGGCT-1_2	5
GTGACGCTCGGCTTCT-1_2	7
GTGATGTCATGTGGTT-1_2	7
GTGCTGGAGTTGTACC-1_2	1
GTGCTGGGTACGAAAT-1_2	0
GTGCTTCGTAGCTTAC-1_2	0
GTGGCGTAGGGTTTCT-1_2	0
GTGGGAATCGTGCGAC-1_2	3
GTGGTTAAGTTGTAAG-1_2	7
GTGTTAGGTATGAAAC-1_2	0
GTGTTCCAGCTCGCAC-1_2	5
GTTACAGAGCGTGCCT-1_2	7
GTTACCCCAGGCGATA-1_2	7
GTTAGACCAAACGGCA-1_2	0
GTTAGTGCACTCCGAG-1_2	5
GTTATGGTCTGCTAGA-1_2	5
GTTGAACTCCAGTACA-1_2	0
GTTGTAGAGTCCTACA-1_2	7
GTTTACTTCCCAGCGA-1_2	0
TAACGACGTATTGACC-1_2	5
TAACTTCCAGCAGTGA-1_2	5
TAACTTCTCCTATTTG-1_2	1
TAAGCGTCATCTTCGC-1_2	0
TAAGCGTTCCGCGATG-1_2	2
TAAGTCGGTCTGTCAA-1_2	5
TACACCCAGGCAGTCA-1_2	7
TACCCACCAATCCTAG-1_2	0
TACCCGTTCATCTACT-1_2	5
TACCGGGTCGAAGAAT-1_2	7
TACCTGCGTTTCGACA-1_2	7
TACGCTCTCTACAGGT-1_2	7
TACGTCCCATGAATCC-1_2	5
TACTGCCTCATTGAGC-1_2	1
TACTTACCAACCTATG-1_2	5
TACTTACGTGCTTCAA-1_2	5
TACTTGTGTCAAAGTA-1_2	5
TACTTGTTCAACGCTA-1_2	7
TAGACCAGTTAAGGAT-1_2	3
TAGAGTCAGGTCGTGA-1_2	1
TAGGAGGAGGTTATAG-1_2	5
TAGGTACGTCGTAATC-1_2	7
TATACCTTCATAGCAC-1_2	3
TATATCCTCCAAGCTA-1_2	7
TATGTTCGTCCCTCAT-1_2	2
TATTGCTAGGTGCGAT-1_2	1
TCAAGACTCAAGCTTG-1_2	7
TCACAAGCACAGTCCG-1_2	7
TCACGCTAGCGGTAGT-1_2	5
TCACGGGTCGCCAGAC-1_2	3
TCAGGTACATCGGAAG-1_2	1
TCAGTCCAGCCTCTTC-1_2	7
TCATCATCATAGTCAC-1_2	7
TCATGCCCAACACACT-1_2	5
TCATGGATCTGCGATA-1_2	0
TCATGTTAGAAACCCG-1_2	2
TCATGTTAGTCCGTCG-1_2	2
TCATGTTGTTCATCTT-1_2	6
TCATGTTTCCATCGTC-1_2	0
TCCAGAAGTTGGTGTT-1_2	0
TCCCAGTGTGAGTAAT-1_2	0
TCCGATCAGAGATGCC-1_2	2
TCCGGGAGTATCGTAC-1_2	5
TCCTCGAGTCGCAACC-1_2	7
TCGACGGAGTCATGAA-1_2	2
TCGCACTAGTCATCCA-1_2	7
TCGCTCATCACGTAGT-1_2	7
TCGGATATCCTTGGAA-1_2	7
TCGGGCAGTCACTTCC-1_2	2
TCGTAGATCTCCATAT-1_2	7
TCGTCCACAGCAGTTT-1_2	5
TCTATACAGGGTGAAA-1_2	2
TCTCACGGTTTCGTAG-1_2	7
TCTCACGTCACTGAAC-1_2	5
TCTCAGCAGCGAGAAA-1_2	7
TCTCAGCCAGAGCTAG-1_2	0
TCTCCGAGTTCCCACT-1_2	0
TCTGCCATCCGACAGC-1_2	7
TCTTAGTCACGGTGCT-1_2	0
TCTTAGTTCCTAGCCT-1_2	7
TCTTGCGGTTGCCAAT-1_2	1
TCTTTGATCGTCGGGT-1_2	3
TGAACGTGTGTGGACA-1_2	5
TGAATCGCAGAAGTGC-1_2	0
TGAATCGGTAGAGCTG-1_2	0
TGAGACTGTGTATTCG-1_2	2
TGAGACTTCAGACTGT-1_2	1
TGAGCATGTAAGGTCG-1_2	2
TGAGCATGTTCCGTTC-1_2	0
TGAGGGAAGGGTTAAT-1_2	7
TGATCTTTCACACCGG-1_2	0
TGATTTCCAAATCAAG-1_2	0
TGCACGGGTCGACGCT-1_2	3
TGCACGGGTGTTGCCG-1_2	7
TGCAGGCTCCCATAAG-1_2	5
TGCCGAGGTGCATCTA-1_2	3
TGCTCCAAGGCCCAAA-1_2	7
TGCTCGTGTTAGAAGT-1_2	7
TGCTTGCCAGTCCCGA-1_2	5
TGGAACTAGGTGATAT-1_2	7
TGGAGAGGTAGTTACC-1_2	5
TGGAGGAGTGCCCGTA-1_2	0
TGGAGGATCAAGTGTC-1_2	7
TGGATCAAGGCTAAAT-1_2	7
TGGGAAGCACGACGCT-1_2	5
TGGGAAGTCAAGAATG-1_2	2
TGGGAGAGTAATGCGG-1_2	1
TGGGATTAGATGAAGG-1_2	5
TGGGCGTGTGGTGATG-1_2	7
TGGGCTGCAGTTCACA-1_2	7
TGGGTTATCAGTGTGT-1_2	7
TGGGTTATCTTCTCAA-1_2	7
TGGTTAGGTACCCACG-1_2	3
TGTCCCAAGTTCCAGT-1_2	1
TGTGAGTGTCGAAGCA-1_2	5
TGTGATGAGAGCTGCA-1_2	7
TGTGCGGGTCACCGCA-1_2	5
TGTGTGACATGTCAGT-1_2	3
TTACCGCGTGTGCCTG-1_2	5
TTACGCCGTAACGTTC-1_2	1
TTACGTTAGAGCATCG-1_2	7
TTACTGTCACTCTGCT-1_2	5
TTAGGCACATCCAATG-1_2	7
TTAGTCTGTATTGGCT-1_2	7
TTAGTCTTCCTCAGGG-1_2	5
TTATTGCAGATAGTGT-1_2	7
TTCAATCCATCCTGTC-1_2	5
TTCACCGCAGACCTAT-1_2	5
TTCATGTAGCAGGCAT-1_2	1
TTCATGTGTGACTGTT-1_2	3
TTCATTGGTGTCATGT-1_2	5
TTCCAATGTCTTGTCC-1_2	5
TTCCACGCACCAAATC-1_2	2
TTCCGGTGTAATCAGA-1_2	0
TTCCTTCAGCCACAAG-1_2	7
TTCCTTCTCGACATCA-1_2	5
TTCGGTCCAATACCCA-1_2	5
TTCGGTCCAGCTTCGG-1_2	3
TTCTAACTCGAAGGAC-1_2	4
TTCTGTATCCTGTAGA-1_2	2
TTGAGTGTCTATCGTT-1_2	2
TTGCCTGGTTCTCGCT-1_2	7
TTGCCTGTCCATATGG-1_2	0
TTGCGTCCACAACGAG-1_2	7
TTGCTGCCACCTTCCA-1_2	5
TTGGATGAGATGAATC-1_2	2
TTGGATGTCAAGGAGC-1_2	7
TTGGGTACATCGATCA-1_2	3
TTGGTTTAGGTCGTAG-1_2	7
TTGTGGAGTCGCATGC-1_2	1
TTGTTTGGTTGGTGTT-1_2	0
TTTACCAAGCACCCAC-1_2	2
TTTACCATCTGGTCAA-1_2	5
TTTCCTCCAAACTAAG-1_2	0
TTTGACTGTGCGTCGT-1_2	0
TTTGATCAGTTGCTGT-1_2	7
TTTGGTTGTGGTCTAT-1_2	5
AAACGAAGTCGGTGTC-1_3	7
AAACGAATCTGTCGCT-1_3	7
AAAGGTACACGTTCGG-1_3	7
AACCAACAGTGGCGAT-1_3	7
AAGACTCCAACCACAT-1_3	5
AAGCATCCAGAATTCC-1_3	7
AAGCGTTAGGTAGATT-1_3	5
AAGGAATAGGCCACTC-1_3	6
AAGTACCCAACGATTC-1_3	5
AATCGTGTCAAGATAG-1_3	7
ACAACCAGTTAGCGGA-1_3	7
ACAAGCTAGCTCACTA-1_3	7
ACACAGTCAAGAGGCT-1_3	3
ACCAACAAGGACAACC-1_3	7
ACCATTTGTGTGCCTG-1_3	5
ACCTACCAGACCGCCT-1_3	5
ACGTCCTTCGCTATTT-1_3	5
ACTTATCGTTTAAGGA-1_3	5
ACTTTGTAGTCCCGAC-1_3	7
AGAACAATCCCATTCG-1_3	6
AGAACCTGTCCACAGC-1_3	7
AGACAAAAGCTGGAGT-1_3	7
AGACCCGGTATCTCTT-1_3	5
AGACCCGTCAAGCCTA-1_3	5
AGATCGTGTCCACGCA-1_3	7
AGCATCACAGGACATG-1_3	5
AGCATCATCGTTCCCA-1_3	0
AGCGCCACAATAACGA-1_3	7
AGCGCTGCAGAACTTC-1_3	5
AGGAAATGTAGGTAGC-1_3	4
AGGACGAAGTCGAGGT-1_3	7
AGGGCTCTCTCTCTTC-1_3	7
AGGGTGATCTTCGTGC-1_3	5
AGGTGTTTCGCTAATG-1_3	1
AGGTTGTCAAACGGCA-1_3	7
AGTCACACACACCGAC-1_3	6
AGTCATGTCTCTCGAC-1_3	7
AGTCTCCAGGCCACCT-1_3	5
AGTTAGCTCTGATGGT-1_3	7
AGTTCCCCAGGGTTGA-1_3	4
ATACTTCAGCACTGGA-1_3	7
ATAGACCAGCAAATGT-1_3	1
ATCAGGTTCCGTTGAA-1_3	0
ATCCGTCCATGACGAG-1_3	3
ATGCGATAGGAGCTGT-1_3	0
ATGCGATGTGCATTTG-1_3	1
ATTACTCCATCGTCCT-1_3	3
ATTCCCGAGAAATTGC-1_3	6
ATTGGGTTCTATCGGA-1_3	5
ATTTACCTCATGAGTC-1_3	7
CAACCTCTCATTCCTA-1_3	7
CAAGACTTCCCAACTC-1_3	5
CAAGAGGTCAAACGTC-1_3	5
CAAGCTAGTGGTTTGT-1_3	4
CAATGACAGTATTAGG-1_3	5
CAATGACGTATTTCTC-1_3	7
CACACAAGTCGCCACA-1_3	5
CACAGATTCTTCACAT-1_3	7
CACCAAATCGGCTTGG-1_3	2
CACTGTCTCGGACTGC-1_3	7
CACTTCGTCCCATAGA-1_3	4
CAGGCCAAGGGCGAGA-1_3	7
CAGTGCGGTGAGCCAA-1_3	1
CAGTGCGGTTATCCAG-1_3	5
CATAAGCCATTGGCAT-1_3	7
CATCCGTCAATGAGCG-1_3	4
CATCGTCGTATCGCGC-1_3	2
CATGAGTAGCGCATCC-1_3	4
CCACAAAGTTCCACGG-1_3	7
CCACACTGTTCGGGTC-1_3	1
CCACCATTCCGCAAAT-1_3	7
CCACTTGCACGACGCT-1_3	5
CCCATTGTCGTTCCTG-1_3	0
CCCTAACAGGTTCAGG-1_3	7
CCCTCAAGTACCGCGT-1_3	5
CCCTCTCCAGATTAAG-1_3	7
CCGAACGGTGCCGGTT-1_3	5
CCGAACGTCAAGGACG-1_3	0
CCTCACACAGGTACGA-1_3	4
CGAAGGAAGAGGTGCT-1_3	7
CGAAGTTGTTAAGCAA-1_3	7
CGAATTGAGTGAGGTC-1_3	7
CGATGCGAGTTTGTCG-1_3	6
CGATGGCTCGTGACTA-1_3	7
CGCCATTCAAATCAAG-1_3	7
CGGAATTGTTGAATCC-1_3	1
CGGTCAGAGCTTTCCC-1_3	5
CGGTCAGGTCGCATGC-1_3	7
CGTGCTTTCGGTCATA-1_3	4
CGTGTCTAGCTACTGT-1_3	5
CTACAGAGTACTGCGC-1_3	5
CTATCCGGTCTGTGGC-1_3	5
CTCAATTTCAAACCCA-1_3	6
CTCAGTCGTAGCTGCC-1_3	6
CTCCAACAGTAACAGT-1_3	5
CTCCAACCACTGTCGG-1_3	3
CTCGAGGCAAGCCATT-1_3	4
CTCTCAGGTAAGGCTG-1_3	4
CTCTGGTCATGGCACC-1_3	4
CTGCCATTCGCAGAGA-1_3	5
CTGGCAGTCTCGGGAC-1_3	5
CTGTACCCAACTGCCG-1_3	7
CTGTAGATCTTTCGAT-1_3	7
CTGTGAAGTTCTTGTT-1_3	7
CTTACCGTCAGGTGTT-1_3	5
CTTCCTTTCTTCTGGC-1_3	3
CTTGATTCAGCAGTCC-1_3	7
CTTTCAATCTCACGAA-1_3	0
GAACACTCAGTGAGCA-1_3	7
GAGAAATTCAGCTGAT-1_3	5
GAGACTTAGGGCAATC-1_3	6
GAGTGAGGTCGTACTA-1_3	4
GATCAGTAGGTCGTAG-1_3	5
GATCCCTCATCCGAGC-1_3	7
GATGGAGGTAGTGTGG-1_3	6
GATGGAGTCATTGAGC-1_3	4
GCACGTGGTTCCGTTC-1_3	5
GCAGCCAGTGCCCGTA-1_3	7
GCCAACGTCCATTGGA-1_3	7
GCCCAGACACTTGAAC-1_3	7
GCCGATGGTATCGCAT-1_3	7
GCGATCGTCTCATTTG-1_3	7
GCGTTTCTCGCGTGAC-1_3	7
GCTTGGGGTAACTGCT-1_3	7
GGAGAACTCGTGGAAG-1_3	4
GGATGTTCACAGGATG-1_3	6
GGCTGTGTCAACGAGG-1_3	5
GGCTTGGGTGAGTCAG-1_3	7
GGGACTCCAAGTGGCA-1_3	7
GGGATCCGTGGTCTCG-1_3	5
GGGTGAAAGCGTTACT-1_3	4
GGTAATCAGTACTGGG-1_3	0
GGTAATCGTTAGAGAT-1_3	0
GGTGAAGGTAGCGTCC-1_3	7
GGTGATTTCTTCGGTC-1_3	7
GGTGTCGCAGCACGAA-1_3	4
GGTTGTAGTAAGCTCT-1_3	5
GGTTGTATCTGCTTTA-1_3	7
GTAACACCACCTTCCA-1_3	6
GTAACCATCGAAGCAG-1_3	5
GTAGATCGTTGGGTTT-1_3	7
GTAGTACTCATCTGTT-1_3	4
GTCATGATCTACCCAC-1_3	7
GTCCTCATCCATATGG-1_3	5
GTGAGCCAGATTGATG-1_3	7
GTGAGCCGTTAGAGAT-1_3	5
GTGATGTGTCCTACAA-1_3	5
GTGCAGCAGCGATCGA-1_3	6
GTGCTTCGTGCCTACG-1_3	5
GTGGAGAAGAATTCAG-1_3	3
GTGGCGTCAATCAGCT-1_3	5
GTTACAGAGTGATAAC-1_3	5
GTTCTATCAGGATTCT-1_3	3
GTTGTAGTCTTCCCGA-1_3	5
GTTGTGAGTGTGTGTT-1_3	0
TACCCACTCGGTGTTA-1_3	7
TACTGCCGTCCAGCCA-1_3	6
TACTGCCGTCGGCTAC-1_3	4
TACTTGTTCTAGCCTC-1_3	0
TATCCTATCCACCCTA-1_3	7
TATCTTGGTGCATCTA-1_3	5
TATGTTCAGTCCCGGT-1_3	7
TATGTTCTCGTGTCAA-1_3	7
TATTCCAGTACCTAGT-1_3	5
TATTGGGGTTATCTTC-1_3	7
TCACATTGTACCTAAC-1_3	7
TCACGGGGTGCCGTTG-1_3	6
TCAGCAACAACCACAT-1_3	5
TCAGGGCAGTATTGCC-1_3	7
TCAGGTAGTGCATTTG-1_3	0
TCAGTCCAGATGCGAC-1_3	5
TCAGTCCCAGCACACC-1_3	7
TCATGAGCACAGGATG-1_3	0
TCCACGTCAATAAGGT-1_3	6
TCCAGAATCTTGGTGA-1_3	7
TCCGTGTTCCAGCTCT-1_3	7
TCCTAATCATCAGCTA-1_3	7
TCCTCCCTCCTGTACC-1_3	1
TCCTCTTCAGCTACTA-1_3	7
TCGACCTTCGCTAAAC-1_3	7
TCGGGCATCTTCCCGA-1_3	6
TCTACCGTCACCTGTC-1_3	7
TCTCACGTCGCATTAG-1_3	5
TCTCAGCCAAGTGCTT-1_3	5
TCTCAGCTCGAAATCC-1_3	7
TCTCCGAAGTGATGGC-1_3	3
TCTGTCGGTAACACCT-1_3	5
TCTTCCTAGCGCCTAC-1_3	7
TGACTCCGTCCCGTGA-1_3	5
TGAGGAGTCTGTACAG-1_3	3
TGATTTCGTCTTGAAC-1_3	5
TGCATCCGTCCTTAAG-1_3	7
TGCGGCACATTGCTTT-1_3	5
TGCGGGTGTTTGAAAG-1_3	4
TGCTCGTAGCAGGTCA-1_3	7
TGCTTCGTCAGCACCG-1_3	5
TGGCGTGAGCAGAAAG-1_3	5
TGGGATTGTGCCTATA-1_3	5
TGGGCTGGTGTCGCTG-1_3	6
TGGTACACACGGGTAA-1_3	5
TGGTACAGTGGTCAAG-1_3	7
TGGTGATAGTTAACGA-1_3	5
TGTAAGCAGTTACTCG-1_3	6
TGTAAGCCACTGCATA-1_3	5
TGTGATGTCCGAGCTG-1_3	7
TGTGGCGGTACCGCGT-1_3	6
TTACCGCCATGAGATA-1_3	7
TTACTGTAGGCGTTGA-1_3	5
TTCACCGTCAGACCCG-1_3	5
TTCATGTGTAGAGATT-1_3	4
TTCCTAATCCTCGATC-1_3	7
TTCGCTGAGTAGCAAT-1_3	5
TTCTTCCTCACGAACT-1_3	5
TTGCATTAGTTTCGGT-1_3	2
TTGCGTCCATCCCACT-1_3	5
TTGGGATGTTAACAGA-1_3	7
TTGTGGAGTGAGAGGG-1_3	1
TTGTTTGCAAGCCCAC-1_3	7
TTTACCAAGCGTGTTT-1_3	7
TTTCCTCAGAGCGACT-1_3	7
TTTCGATTCTCGACCT-1_3	6
AAACGAATCCGCACGA-1_4	7
AACAACCAGGTACAAT-1_4	7
AACAGGGGTAAGACCG-1_4	7
AACCAACTCAGGACAG-1_4	4
AACGAAATCAGTGTCA-1_4	1
AAGACTCAGTGGATTA-1_4	5
AAGATAGAGTAGTCAA-1_4	3
AAGATAGGTGAGACCA-1_4	7
AAGCATCGTCACTCTC-1_4	1
AAGCGAGAGAAATTCG-1_4	1
AAGGTAACATGGAACG-1_4	7
AAGGTAATCCGAAATC-1_4	1
AATCGTGTCCGCTTAC-1_4	1
AATGACCTCCCGATCT-1_4	4
ACAAAGAAGTGACCTT-1_4	7
ACACGCGAGTCAGGGT-1_4	7
ACATCGACACGCGCAT-1_4	5
ACCAACATCTTGCAAG-1_4	5
ACCATTTGTACAATAG-1_4	3
ACCCAAAAGCTTAAGA-1_4	3
ACCCAAACATGTGCCG-1_4	6
ACCTACCGTGCTCTTC-1_4	1
ACGGGTCAGGGTTAGC-1_4	7
ACGGGTCTCCTAGCCT-1_4	7
ACGGTCGAGTGATGGC-1_4	4
ACGTTCCAGAATCCCT-1_4	5
ACTACGAAGCACTCAT-1_4	1
ACTCCCAAGTCGGCAA-1_4	2
ACTCCCACAGTAGTGG-1_4	5
AGAAATGTCCACACCT-1_4	7
AGAAGTAGTTGCCGAC-1_4	5
AGAGAGCTCGACGCTG-1_4	3
AGAGCCCTCGAAGAAT-1_4	5
AGATCCATCCTGTAGA-1_4	7
AGATCCATCGCCACTT-1_4	7
AGATGCTTCCGGACTG-1_4	1
AGCTTCCTCCACCTGT-1_4	5
AGGCATTCAACACGAG-1_4	5
AGGGAGTCAACTGTGT-1_4	1
AGGGCCTCACAGCTGC-1_4	3
AGTACTGGTAACTGCT-1_4	7
AGTAGCTAGCTACGTT-1_4	1
AGTCACAGTACAGAGC-1_4	7
AGTGATCTCAGGCGAA-1_4	1
AGTTAGCAGATCGACG-1_4	5
AGTTCGAGTACAGCGA-1_4	5
ATACCTTTCTCATAGG-1_4	3
ATCACTTAGATGACAT-1_4	1
ATCACTTCATCTCCCA-1_4	7
ATCAGGTAGTTCGGTT-1_4	5
ATCCGTCAGACGACGT-1_4	5
ATGAGGGCATGTCTAG-1_4	3
ATGAGTCCACAAGCAG-1_4	5
ATGTCCCTCGCCGATG-1_4	7
ATGTCCCTCTGACGCG-1_4	5
ATTCCATCAAGTCCCG-1_4	7
ATTGTTCCATGACGGA-1_4	7
ATTTACCGTCCTACGG-1_4	5
ATTTCTGCAAGGTCAG-1_4	7
ATTTCTGCAGAAGTGC-1_4	1
CAAAGAACATGTCAGT-1_4	5
CAACAACAGAAACTAC-1_4	7
CAACCAAGTGAGGATC-1_4	3
CAACGATCAACCAGAG-1_4	7
CACAACACATAACGGG-1_4	5
CACAGATGTACCGGAA-1_4	5
CACAGATTCTAACGGT-1_4	7
CAGATCAGTATGTCAC-1_4	5
CAGCCAGTCTGTCCCA-1_4	7
CAGGGCTAGGTCACTT-1_4	7
CAGGTATTCTTCACAT-1_4	7
CATAAGCCAGCAGTGA-1_4	7
CATACTTGTTGGGCCT-1_4	5
CATCCACAGACCTCCG-1_4	7
CATCGGGTCCGTGACG-1_4	7
CATGCAAAGATGCTGG-1_4	7
CATTCATGTATCGTAC-1_4	7
CATTCCGTCGAAATCC-1_4	5
CATTTCACACGCTGTG-1_4	5
CCAATTTGTGTAGGAC-1_4	7
CCCAACTCATGACAGG-1_4	7
CCCGGAAAGATGTTCC-1_4	1
CCCGGAATCCACCCTA-1_4	1
CCCTGATCAAGACTGG-1_4	7
CCCTTAGCACCGTGGT-1_4	7
CCGAACGTCGGCTGTG-1_4	5
CCGGACAAGGCCTTCG-1_4	5
CCGGTGACAGGTGGAT-1_4	5
CCTAACCAGTATCCTG-1_4	1
CCTCATGAGTATGAGT-1_4	0
CCTCCTCTCTCATTTG-1_4	0
CCTGCATTCGACACTA-1_4	2
CGAAGGAGTTCCGCAG-1_4	5
CGGAATTGTGAACGGT-1_4	0
CGTAAGTGTTGGATCT-1_4	7
CGTCAAAAGTCCTGTA-1_4	7
CGTGATAAGATCGCCC-1_4	0
CGTGTCTTCGCTAATG-1_4	5
CGTTAGAGTGGTAACG-1_4	7
CTACCTGGTGATAGTA-1_4	7
CTACGGGCAAACGGCA-1_4	7
CTACTATTCTTAGTTC-1_4	0
CTCAACCCAGAAATCA-1_4	7
CTCAACCGTATACCTG-1_4	1
CTCAGAAGTTCTCTAT-1_4	5
CTCTCGATCTCCGATC-1_4	6
CTGAGCGCACACGCCA-1_4	7
CTGCTCACATGCCGAC-1_4	7
CTGGTCTGTACAACGG-1_4	5
CTGGTCTTCCATCTAT-1_4	4
CTGTCGTTCCCGATCT-1_4	6
CTGTGAACAATAGAGT-1_4	3
GAATAGATCTGTCCGT-1_4	7
GACACGCCACGGCGTT-1_4	3
GACCGTGGTCCTACGG-1_4	4
GACTCTCGTGCGAACA-1_4	5
GAGAGGTAGTTATGGA-1_4	7
GAGTCATAGGATTTAG-1_4	7
GATCAGTGTTAGGGTG-1_4	7
GATCATGGTACAAAGT-1_4	5
GATCCCTGTCTAACTG-1_4	7
GCAGCCAAGTCCGCCA-1_4	7
GCATCGGAGGTGCGAT-1_4	5
GCATGATTCTGTCAGA-1_4	5
GCCGATGCAATGTTGC-1_4	5
GCCGTGACACGCAAAG-1_4	7
GCGGATCCAGTCGCTG-1_4	7
GCTGGGTAGGTAATCA-1_4	1
GCTTGGGAGACGCCAA-1_4	7
GGAACCCGTATGTCCA-1_4	3
GGAAGTGGTCGTCATA-1_4	7
GGAGAACAGCTAGCCC-1_4	5
GGAGGATAGGCTTAGG-1_4	5
GGATCTAGTTAGGGTG-1_4	7
GGCACGTTCCTTTGAT-1_4	7
GGGACTCTCTGAGAAA-1_4	7
GGGAGATCAGCCATTA-1_4	1
GGGCTCACATCCTGTC-1_4	7
GGGTCACGTTCGGCCA-1_4	2
GGGTTATTCTTACCGC-1_4	5
GGTGAAGTCCCGAGTG-1_4	4
GGTTAACAGAGGCTGT-1_4	7
GGTTGTAAGTAGCTCT-1_4	7
GTAACCAAGGCCTGAA-1_4	5
GTAAGTCCAATCAGCT-1_4	5
GTAATCGAGTAACAGT-1_4	5
GTAATCGTCTCAAAGC-1_4	3
GTAGAGGAGGAGGTTC-1_4	7
GTAGGTTAGTTGTAGA-1_4	7
GTAGTACCAATTCACG-1_4	5
GTCAGCGCACCGTCGA-1_4	5
GTCCACTCAAGCCATT-1_4	5
GTCCACTTCCACATAG-1_4	7
GTCCTCATCCTCTAGC-1_4	5
GTCGTAATCGAGAATA-1_4	4
GTCTCACTCCATCCGT-1_4	5
GTCTGTCAGGAATCGC-1_4	7
GTCTTTACAGTAACCT-1_4	2
GTGCAGCCACGTACAT-1_4	2
GTGCTTCAGGAGACCT-1_4	2
GTGGAAGGTCGTATGT-1_4	7
GTGGAGAGTAACTGCT-1_4	3
GTGTAACAGGTACCTT-1_4	7
GTGTAACTCAAGGACG-1_4	7
GTTATGGGTGCATTTG-1_4	7
GTTCTATGTCTCGCGA-1_4	5
GTTGAACGTTATAGCC-1_4	5
GTTGTAGTCCACCTGT-1_4	5
TAATCTCGTCCAAAGG-1_4	1
TAATTCCAGTAGTCCT-1_4	0
TACAACGGTTTCCCAC-1_4	5
TACCCGTCATAATGAG-1_4	7
TAGCACAAGAATAACC-1_4	4
TAGCACACAGGCCCTA-1_4	7
TATTCCAAGGCCACTC-1_4	7
TCAAGTGGTTCCGGTG-1_4	7
TCACATTTCTCACCCA-1_4	7
TCACGGGTCAATCTCT-1_4	5
TCAGTGAAGGAGGCAG-1_4	5
TCATGCCCAGTGCCTG-1_4	5
TCCACGTTCTACTGAG-1_4	2
TCCCATGTCTGAGATC-1_4	5
TCCTCCCTCATTGCCC-1_4	5
TCGAACATCTCCAAGA-1_4	7
TCGGTCTGTCGAACGA-1_4	4
TCTATACAGGTTGTTC-1_4	4
TCTATACCACTGAGTT-1_4	5
TCTCCGACAATTTCGG-1_4	4
TGAACGTAGGCGATAC-1_4	7
TGACAGTAGCTGACAG-1_4	7
TGACTCCCAAGCTCTA-1_4	0
TGAGACTTCGATTCCC-1_4	7
TGATGGTTCCAACTGA-1_4	7
TGATTCTCACGCGTCA-1_4	7
TGATTCTTCAAGAATG-1_4	0
TGCATGAGTGTGGACA-1_4	7
TGCGGCACACATACTG-1_4	7
TGCGGCAGTAGATCGG-1_4	7
TGCTCCACACTCATAG-1_4	1
TGCTCCAGTACGCTTA-1_4	7
TGCTCCAGTTACCCAA-1_4	4
TGCTCCATCCTTCTTC-1_4	5
TGGAGGAAGCTTCATG-1_4	1
TGGGAAGCAGAATTCC-1_4	5
TGTAGACCAAGTGCAG-1_4	2
TGTAGACCACAAGTGG-1_4	7
TGTCAGAAGAATTGTG-1_4	0
TGTCAGAGTACCAATC-1_4	4
TGTGAGTTCCGATTAG-1_4	4
TGTTCATTCCTGCTAC-1_4	5
TGTTCATTCGCTACAA-1_4	4
TGTTCCGAGAGATTCA-1_4	5
TTACAGGAGCATCGAG-1_4	7
TTACCATCATCGAGCC-1_4	7
TTACCGCTCGCTATTT-1_4	7
TTACGCCGTAGCGTAG-1_4	7
TTACTGTAGGGTTAAT-1_4	3
TTAGTCTTCTTTCTAG-1_4	7
TTCAGGACAGCGTGCT-1_4	5
TTCCAATAGAATTGTG-1_4	7
TTCCTTCCAGAGTTGG-1_4	7
TTCGCTGCAATTCGTG-1_4	5
TTCTCTCTCTCACTCG-1_4	7
TTCTGTACATTCCTCG-1_4	4
TTCTGTATCAGGTGTT-1_4	7
TTGCTGCTCCATACAG-1_4	5
TTGTGTTGTGTCACAT-1_4	1
TTGTTCATCCTGTTGC-1_4	5
TTGTTTGCAATCCAGT-1_4	5
TTTCGATAGCACACAG-1_4	5
TTTGTTGAGTGGAATT-1_4	4
AAAGGGCCATCAACCA-1_5	5
AAATGGATCGCGGACT-1_5	5
AACGTCAAGGGTACGT-1_5	7
AAGAACAAGCTACTGT-1_5	7
AAGAACAAGGTTACCT-1_5	7
AAGATAGCAGGCTATT-1_5	7
AAGGAATCACAGACGA-1_5	7
AATCGACCACCAAATC-1_5	7
AATGGAAAGGTCATCT-1_5	0
ACACTGAGTTAGAGTA-1_5	0
ACCACAAGTGTAGTGG-1_5	5
ACCCTCAAGCACACCC-1_5	0
ACTGTCCGTAGGACTG-1_5	5
AGAAGTACAGGCTACC-1_5	7
AGACCCGTCGCTACGG-1_5	7
AGCGTCGAGCCTGAGA-1_5	7
AGGATAATCACCTACC-1_5	0
AGGGCTCCACCAGCGT-1_5	5
AGTGATCCATGCGTGC-1_5	5
ATAGACCAGGACTAAT-1_5	0
ATCCACCCAGTTAAAG-1_5	5
ATCGTAGTCTGAGATC-1_5	7
ATCTCTAAGGAAAGAC-1_5	0
ATCTTCACAGGACTAG-1_5	7
ATGAGGGGTCCACTTC-1_5	5
ATGCGATTCACTCACC-1_5	7
ATTCATCTCCAAAGGG-1_5	0
CAGCACGTCTCTCTAA-1_5	0
CAGGTATGTAGCTAAA-1_5	5
CATTCTATCTTTGCTA-1_5	5
CCACAAACAGAACTTC-1_5	7
CCACACTAGGTTCCAT-1_5	1
CCACGAGCAAGATGGC-1_5	5
CCCAACTCAGCCTATA-1_5	7
CCCTTAGAGACCGCCT-1_5	7
CCGGGTAGTACTGCCG-1_5	7
CCGGTAGCAGCCTTCT-1_5	7
CCTGTTGAGTAACCGG-1_5	5
CGAGGAATCTACCACC-1_5	5
CGCATAACACCTGCGA-1_5	6
CGGGTCAAGGGAACAA-1_5	0
CGGGTGTGTGTCACAT-1_5	5
CGTAATGTCTATACTC-1_5	7
CTCAACCCAGACCGCT-1_5	7
CTCATGCAGATTTGCC-1_5	0
CTCATGCAGTCAGAGC-1_5	0
CTGGTCTGTTGCATTG-1_5	7
CTGTACCAGGTTAGTA-1_5	7
CTTCCTTTCGCTTGAA-1_5	7
CTTCGGTGTCTTCTAT-1_5	5
GAGACCCTCACCCATC-1_5	7
GATAGCTGTACACTCA-1_5	0
GATTTCTCATTGCAAC-1_5	5
GCAGCCATCTACACTT-1_5	5
GCATCGGCACTTTATC-1_5	5
GCCAACGAGGCACAAC-1_5	5
GCGGATCTCGGACTGC-1_5	7
GGACGTCTCGCCTTTG-1_5	7
GGGTGAAGTGACACGA-1_5	0
GGGTGAATCTCACCCA-1_5	6
GGTAATCAGGCTTAAA-1_5	7
GGTAGAGGTGCCCAGT-1_5	7
GTAGTACGTACTTCCC-1_5	5
GTCAAACTCCCTCATG-1_5	5
GTCCTCAGTTCTATCT-1_5	5
GTCCTCATCATCACCC-1_5	5
GTGTGATTCACACCCT-1_5	5
GTGTTAGAGTTTCTTC-1_5	5
GTTGAACTCCATTGCC-1_5	7
TACCTCGAGCCAGAGT-1_5	5
TACCTGCGTACAACGG-1_5	7
TACGGTACATCATTTC-1_5	5
TACTTACGTCTGTGTA-1_5	0
TAGAGTCAGTGGCGAT-1_5	5
TATCTGTGTACTCGAT-1_5	5
TATCTTGAGGAAACGA-1_5	0
TATTGGGGTCTTCTAT-1_5	7
TCAGTCCTCGACGCTG-1_5	0
TCAGTTTTCTGATGGT-1_5	5
TCATATCCATATCTGG-1_5	6
TCATGAGAGGACGGAG-1_5	0
TCCACGTAGCTGACCC-1_5	5
TCCAGAATCACCACAA-1_5	0
TCCTCGATCGTTCTCG-1_5	5
TCGAAGTGTGCTATTG-1_5	7
TGAGGTTGTACATTGC-1_5	7
TGCTCCAAGGCGATAC-1_5	7
TTACCGCTCTCTCAAT-1_5	7
TTACTGTTCACAAGGG-1_5	5
TTGATGGAGCTGAGTG-1_5	0
AAACCCAGTTGACGGA-1_6	0
AACGTCATCCTAGCCT-1_6	7
AAGCATCAGTTGCTGT-1_6	0
AAGTGAACAAGTGGTG-1_6	5
ACACAGTCACAGTCGC-1_6	7
ACAGAAAAGCCAGACA-1_6	5
ACAGCCGCACTACTTT-1_6	5
ACCTACCCATAGCTGT-1_6	5
ACCTGTCCAGAGTTCT-1_6	7
ACGGAAGGTAGGGAGG-1_6	5
ACGTCCTCATCTTTCA-1_6	5
AGACAAAAGGCCATAG-1_6	5
AGACCCGGTCGGCCTA-1_6	0
AGAGCCCTCTGTAAGC-1_6	5
AGCGTATTCCACTGAA-1_6	0
AGCTTCCAGCAATTCC-1_6	5
AGGAATAAGCTACTAC-1_6	5
AGGAATATCGACACCG-1_6	5
AGGATCTTCGTGTTCC-1_6	5
AGGGTTTGTAAGAACT-1_6	7
AGGTCTAGTCACGACC-1_6	5
AGTGCCGCATAGAGGC-1_6	5
ATAGGCTGTATCTTCT-1_6	5
ATATCCTCAGACAATA-1_6	7
ATTCTACAGGATGGCT-1_6	5
ATTCTTGTCAGCTTGA-1_6	5
CACAGATTCTGGGCCA-1_6	7
CACTGTCTCGGCATCG-1_6	0
CAGCACGAGAGTCACG-1_6	5
CCCTTAGCACACCTGG-1_6	2
CGGAATTGTATCAAGA-1_6	0
CGGACACCATGCACTA-1_6	5
CGGGCATGTCATAACC-1_6	0
CGGGTCAGTGTATTCG-1_6	0
CGTAAGTTCATTACCT-1_6	6
CGTAATGAGGCTTAGG-1_6	5
CGTCCATAGTCGAAAT-1_6	5
CTACAGACAAGACTGG-1_6	5
CTACAGATCGTTCTAT-1_6	5
CTACTATGTTCTCGTC-1_6	7
CTCCCTCTCTCTCTTC-1_6	7
CTCCGATCAAGTTCCA-1_6	5
CTCCTCCTCGTAGGGA-1_6	7
CTGGTCTAGTTCCGTA-1_6	5
CTGTCGTAGATGGCGT-1_6	0
CTTCCGAAGTGACACG-1_6	5
CTTCTAATCCCGATCT-1_6	0
GAAACCTAGGTGGCTA-1_6	7
GAAGTAAGTCTACAGT-1_6	7
GAGAAATTCACCATAG-1_6	5
GAGTTTGAGACGCATG-1_6	7
GATGAGGAGGGCTAAC-1_6	0
GATTCTTCACTAGGCC-1_6	7
GCACTAAAGTCGGCCT-1_6	0
GCTTGGGGTCAGGTAG-1_6	5
GGAGATGAGTGTAGTA-1_6	5
GGCTTTCCATAGACTC-1_6	7
GGGACAAGTGCCTTCT-1_6	0
GGGATCCTCTGAGGCC-1_6	0
GGTCTGGGTGGCGCTT-1_6	0
GTATTGGAGTAGCTCT-1_6	5
GTCACGGCAGCCTATA-1_6	5
GTCACGGGTGCAGTGA-1_6	0
GTCACTCTCTCCCTAG-1_6	7
GTCCACTGTGTTTACG-1_6	2
GTCGCGATCCACGTAA-1_6	5
GTCGTAATCCTGGGAC-1_6	5
GTCTACCAGTTCGGTT-1_6	0
GTGAGCCGTTGTAGCT-1_6	5
GTGCAGCAGGCACTCC-1_6	5
GTGGGAAAGGATCACG-1_6	0
GTGTGGCAGCTGTGCC-1_6	5
GTTACAGGTACGGGAT-1_6	0
GTTAGTGAGGCCGCTT-1_6	0
GTTGCGGCACGTTCGG-1_6	0
GTTTACTGTCAGACTT-1_6	7
TAAGCCAGTTTACCAG-1_6	5
TACAGGTAGGGTTTCT-1_6	0
TACATTCTCCACAGGC-1_6	5
TACCTGCGTATCTTCT-1_6	0
TACGTCCCATTACTCT-1_6	5
TACGTCCTCATAGGCT-1_6	5
TACTTACGTCGAATTC-1_6	5
TAGTGCAAGCAATAGT-1_6	5
TCAATCTTCCATTCAT-1_6	7
TCACTATTCACCTACC-1_6	5
TCAGCAACATGGGTTT-1_6	0
TCCAGAACAAGTGATA-1_6	7
TCCCACACATTGTAGC-1_6	7
TCCCAGTTCTGATGGT-1_6	6
TCCTTTCGTCTAACTG-1_6	5
TCGAACAGTAGGACTG-1_6	0
TCGATTTGTTTCGCTC-1_6	7
TCTAACTGTCATCGCG-1_6	5
TCTACATAGAGAGCCT-1_6	0
TGACTCCAGCTAATGA-1_6	0
TGAGCATGTACTGCCG-1_6	5
TGCGATAAGCCTATCA-1_6	5
TGCTCCACACGACGTC-1_6	5
TGGGATTGTATGTGTC-1_6	7
TGTGAGTTCGCCTTGT-1_6	5
TGTTACTTCGTCTAAG-1_6	5
TTACTGTAGAAATCCA-1_6	5
TTACTGTCATAACCCA-1_6	5
TTCAGGATCTGAGTCA-1_6	5
TTCGATTGTACCATAC-1_6	5
TTCTCTCAGTACTGGG-1_6	2
TTGCATTGTCCAGGTC-1_6	5
TTTCAGTGTATTGAGA-1_6	7
TTTCATGTCAAGTGGG-1_6	7
AAACGAATCTGATGGT-1_7	6
AAACGCTAGACGCCAA-1_7	6
AAAGAACGTCTGCCTT-1_7	1
AAAGGATGTATTGGCT-1_7	4
AAAGGGCCAGTGTACT-1_7	7
AAAGGTACAGTATTCG-1_7	3
AAAGTCCTCACGTAGT-1_7	2
AAAGTGACACTGTGTA-1_7	0
AAAGTGAGTTCTTAGG-1_7	7
AAATGGAGTTCTCACC-1_7	3
AACACACAGAGCAGAA-1_7	6
AACCCAACAATGACCT-1_7	6
AACCCAAGTGCAGATG-1_7	6
AACCTGATCTAAACGC-1_7	6
AACCTTTTCTTCGCTG-1_7	4
AACTTCTTCACTGCTC-1_7	4
AAGACAAGTCCATAGT-1_7	6
AAGATAGGTAGAATAC-1_7	4
AAGCGTTAGCTAAGTA-1_7	6
AAGGAATCACATAGCT-1_7	0
AAGTACCAGATGCTGG-1_7	3
AAGTACCGTTATAGCC-1_7	4
AAGTGAACACGCTGCA-1_7	3
AATCGACAGTTCTCTT-1_7	7
AATGAAGGTCATAAAG-1_7	3
AATGAAGTCGTCAGAT-1_7	6
AATGACCCAATGAAAC-1_7	3
AATGGCTCATGGCCCA-1_7	5
AATGGCTGTATCAGGG-1_7	5
AATTCCTCACGCAGTC-1_7	2
AATTCCTGTTGGACCC-1_7	3
AATTCCTTCTGACGCG-1_7	1
ACAACCAAGTGTACAA-1_7	2
ACACAGTGTGTATTGC-1_7	3
ACACCAATCAGCTTCC-1_7	1
ACACTGAGTAATTAGG-1_7	4
ACAGCCGTCCACTGGG-1_7	7
ACAGGGATCAGCCTCT-1_7	6
ACATCCCAGTTAGTAG-1_7	6
ACATCCCTCCGTAGGC-1_7	6
ACATCGAAGGACGCTA-1_7	7
ACATCGATCCGAGTGC-1_7	7
ACATTTCCAGACGATG-1_7	5
ACCAAACAGAGCACTG-1_7	7
ACCAAACCAACACGAG-1_7	5
ACCAAACCACCGTGCA-1_7	5
ACCACAAAGACAGTCG-1_7	6
ACCATTTTCTCGACGG-1_7	7
ACCCAAAAGTCACGAG-1_7	4
ACCCTCACACTTTATC-1_7	1
ACCTACCCAAGCCTGC-1_7	7
ACCTGAAAGTGTACCT-1_7	5
ACCTGAATCACAACCA-1_7	7
ACGCACGAGAGCCTGA-1_7	6
ACGTAGTAGTAACCGG-1_7	0
ACGTCCTAGATCCTAC-1_7	6
ACGTCCTAGCATCAGG-1_7	7
ACGTTCCGTACGCTAT-1_7	7
ACTACGAAGCGTCTCG-1_7	2
ACTACGATCTGTAACG-1_7	2
ACTCTCGGTTTGAAAG-1_7	3
ACTGCAAGTCTGTTAG-1_7	0
ACTTTCAAGGTAGTAT-1_7	4
ACTTTGTCAGGAAGTC-1_7	0
ACTTTGTTCGTCTAAG-1_7	0
AGAACAAAGAGCTGCA-1_7	3
AGAACAAGTATGAAAC-1_7	6
AGAACCTTCACTCACC-1_7	1
AGACAAACAATGTCTG-1_7	0
AGACAAACATGGATCT-1_7	2
AGACACTAGTGGTTGG-1_7	6
AGACAGGAGCTCCATA-1_7	2
AGACAGGTCGGCTTCT-1_7	7
AGACTCACAAAGCTAA-1_7	1
AGACTCATCCCTATTA-1_7	6
AGAGAATTCGGAGCAA-1_7	4
AGATAGATCCCTCTTT-1_7	7
AGATAGATCTGGAAGG-1_7	2
AGATCCATCAAACGTC-1_7	6
AGATCCATCAGTCATG-1_7	6
AGATCGTAGGATTCCT-1_7	7
AGATGAAGTACATACC-1_7	6
AGATGAAGTGTTTCTT-1_7	6
AGCCACGAGTGTTGAA-1_7	5
AGCCACGTCCTGTTGC-1_7	5
AGCCAGCGTCGCACAC-1_7	0
AGCCAGCTCCCATAGA-1_7	1
AGCGATTCAAATGAGT-1_7	3
AGCGCTGGTCAACACT-1_7	1
AGCGTATGTCTGCGCA-1_7	6
AGCGTATTCGATTTCT-1_7	3
AGCTACACAGAGCTAG-1_7	1
AGCTACATCCGCAACG-1_7	3
AGCTCAAAGCTAGTTC-1_7	2
AGGAATAGTAACATGA-1_7	0
AGGACGACAAAGAACT-1_7	1
AGGACGACATATTCGG-1_7	1
AGGAGGTGTTACCTTT-1_7	6
AGGCATTAGCCACTCG-1_7	1
AGGCTGCAGCACCGAA-1_7	5
AGGGAGTCACTACTTT-1_7	1
AGGGCCTAGCCGTTGC-1_7	3
AGGGCTCGTAGAGACC-1_7	5
AGGGTGAAGAGTCTTC-1_7	2
AGGGTGATCTGACGCG-1_7	0
AGGGTTTGTATCCTTT-1_7	6
AGGTAGGAGCAACCAG-1_7	6
AGGTCATGTTGTCTAG-1_7	3
AGGTCATTCTAGAACC-1_7	6
AGGTTACCATAGAATG-1_7	7
AGGTTGTTCGTGTTCC-1_7	4
AGTACTGAGAAATGGG-1_7	4
AGTACTGGTATGAAGT-1_7	1
AGTAGCTCAAACGGCA-1_7	7
AGTCAACAGTATGGCG-1_7	2
AGTCATGGTTGCGTAT-1_7	7
AGTCTCCCATAGTCAC-1_7	5
AGTCTCCCATGACAGG-1_7	5
AGTCTCCGTGACATCT-1_7	6
AGTTAGCCAAGATTGA-1_7	3
AGTTCCCTCCGCTAGG-1_7	7
ATACCGAAGAAGATCT-1_7	0
ATACCGACATCCGAAT-1_7	7
ATACCGATCTTCCGTG-1_7	7
ATAGGCTAGGAGGCAG-1_7	7
ATAGGCTCACTAAACC-1_7	6
ATCACGACAAGCACCC-1_7	3
ATCACGAGTCGATTCA-1_7	4
ATCAGGTCAACCCTCT-1_7	7
ATCCACCAGATTTGCC-1_7	6
ATCCACCCAGACCTGC-1_7	7
ATCCCTGAGGAGTATT-1_7	5
ATCCGTCTCTCATAGG-1_7	5
ATCCTATCACTGTCCT-1_7	1
ATCGCCTTCAAATGCC-1_7	7
ATCGGCGAGAGAGGGC-1_7	4
ATCGTAGCATTGCAAC-1_7	6
ATCGTCCAGCGGATCA-1_7	5
ATCGTCCAGCTGAGTG-1_7	6
ATCGTCCTCGTTCCTG-1_7	6
ATCGTGACAACACACT-1_7	1
ATCGTGAGTGAGAACC-1_7	6
ATCTCTAAGTGAGCCA-1_7	6
ATCTCTAGTCTTCGAA-1_7	5
ATGAAAGCACGCTATA-1_7	3
ATGAAAGCAGGAGGTT-1_7	6
ATGATCGCAATGAACA-1_7	5
ATGATCGGTTGGATCT-1_7	1
ATGCCTCAGATAGTGT-1_7	3
ATGGGAGGTATGTCAC-1_7	3
ATGGGAGGTTCTCCCA-1_7	3
ATGGGTTCACTGAGGA-1_7	5
ATGGTTGAGTGAGCCA-1_7	3
ATGGTTGCAGGTTACT-1_7	0
ATTACCTAGAGAGGGC-1_7	7
ATTACCTTCCACGAAT-1_7	7
ATTACCTTCCATTCAT-1_7	7
ATTACTCAGCCGCACT-1_7	6
ATTACTCGTAGAGACC-1_7	4
ATTATCCAGACGTCCC-1_7	7
ATTATCCTCATAGCAC-1_7	2
ATTCACTAGCGCCCAT-1_7	3
ATTCAGGCACTCAGAT-1_7	6
ATTCATCCAATCTAGC-1_7	7
ATTCCATTCGTCACCT-1_7	5
ATTCCCGAGAGGTTAT-1_7	7
ATTCCCGCATTGTAGC-1_7	3
ATTCCTATCGACATAC-1_7	2
ATTCTACTCATAGGCT-1_7	6
ATTCTTGAGGTGGTTG-1_7	6
ATTTACCGTAGTCTGT-1_7	0
CAAAGAAGTCGGATTT-1_7	4
CAACAGTAGTATAGGT-1_7	2
CAACGATAGGCCTAGA-1_7	6
CAACGATCAAATGGCG-1_7	0
CAAGACTAGTAAAGCT-1_7	1
CAAGACTTCAAGTCGT-1_7	3
CAAGAGGTCTTCCTAA-1_7	7
CAATACGTCTTCTGTA-1_7	3
CAATACGTCTTTGCGC-1_7	2
CAATGACTCGAATGCT-1_7	7
CAATTTCCACTTGGGC-1_7	0
CACAACACAGAGAGGG-1_7	0
CACCAAAGTCAGTCGC-1_7	3
CACGGGTAGCGAGAAA-1_7	1
CACGGGTTCCGATGTA-1_7	5
CACTGAAGTCCGATCG-1_7	4
CACTGAATCATCCTAT-1_7	7
CACTTCGCAGTTTCGA-1_7	6
CAGAGCCAGGCACCAA-1_7	6
CAGAGCCCAACGCCCA-1_7	0
CAGAGCCTCATTGAGC-1_7	5
CAGATACAGATAGCAT-1_7	6
CAGATACAGCACTAGG-1_7	6
CAGATACCAACTCGAT-1_7	4
CAGATTGGTAGTCGGA-1_7	7
CAGATTGTCAAACCTG-1_7	5
CAGATTGTCAAAGACA-1_7	6
CAGCACGAGTGTAGAT-1_7	3
CAGCCAGCAAGCTCTA-1_7	5
CAGCCAGGTATGGTTC-1_7	5
CAGCGTGAGGAGTATT-1_7	3
CAGGTATCATGACACT-1_7	0
CATACAGAGATGCCGA-1_7	1
CATACAGTCGCACGGT-1_7	6
CATACCCAGTGGTCAG-1_7	3
CATACTTCATGTGGCC-1_7	6
CATAGACAGCGAGTCA-1_7	0
CATAGACGTGGCGCTT-1_7	6
CATCCGTCAAAGCTAA-1_7	3
CATCGCTAGGCATCGA-1_7	1
CATCGCTCACACGGAA-1_7	3
CATCGCTCATGGCCAC-1_7	6
CATCGGGTCTTAGCTT-1_7	3
CATCGTCAGCGTGCTC-1_7	1
CATCGTCGTGATTCTG-1_7	6
CATGCTCGTGACATCT-1_7	4
CATGGTAAGCGCTGCT-1_7	5
CATTCATTCTTCGACC-1_7	6
CATTCCGCACGAGGTA-1_7	3
CATTGAGTCACTCACC-1_7	3
CATTGTTAGCAGGCAT-1_7	6
CATTGTTGTTCGAACT-1_7	3
CATTTCACAATTGAGA-1_7	7
CCAAGCGTCATGGTAC-1_7	6
CCAATGATCTTCTGGC-1_7	7
CCACACTAGGATTTAG-1_7	3
CCACACTTCGTAACAC-1_7	6
CCACGAGTCCGAGATT-1_7	7
CCACGTTGTGCCCAGT-1_7	6
CCACTTGCAAAGAACT-1_7	4
CCATAAGAGAGGATGA-1_7	3
CCATAAGGTTCGAACT-1_7	2
CCATAAGTCTTTCGAT-1_7	6
CCATCACGTCATATGC-1_7	4
CCCAACTTCAACCGAT-1_7	1
CCCGAAGCACGAGAAC-1_7	4
CCCTAACTCCGTATAG-1_7	6
CCCTCAATCGAAGTGG-1_7	4
CCCTCTCAGTTGGCGA-1_7	7
CCCTGATTCACCATGA-1_7	1
CCCTTAGGTCCCGCAA-1_7	6
CCGAACGCACCTTCGT-1_7	3
CCGCAAGAGAGATGCC-1_7	6
CCGCAAGAGCATGAAT-1_7	1
CCGGACAGTGGACCTC-1_7	0
CCGGACATCGATTCCC-1_7	6
CCGGTAGCAGAAGTTA-1_7	5
CCGTAGGAGCCATTGT-1_7	4
CCGTAGGCAGTTAGAA-1_7	6
CCGTAGGTCTAGAACC-1_7	1
CCGTTCACATCGGCCA-1_7	0
CCGTTCATCTAGTGAC-1_7	2
CCTCAACAGGCTATCT-1_7	6
CCTCAACGTCAACCAT-1_7	0
CCTCACAGTCTCGGGT-1_7	0
CCTCCAACAATTCTTC-1_7	4
CCTCCTCAGCATTGTC-1_7	7
CCTCTCCTCCGTGGCA-1_7	2
CCTTTGGGTGAATGTA-1_7	2
CGAAGTTAGCCTCGTG-1_7	6
CGAATTGTCAGTCAGT-1_7	2
CGAATTGTCGTTCCCA-1_7	5
CGAGAAGAGACCAGCA-1_7	6
CGAGGAAAGTAGGTTA-1_7	6
CGAGTTAAGTGGAATT-1_7	7
CGAGTTACAAAGTATG-1_7	6
CGAGTTAGTTGCCGCA-1_7	1
CGATGGCTCTGTCTCG-1_7	7
CGCAGGTAGAGCATAT-1_7	7
CGCATAACACGCCACA-1_7	4
CGGAACCCATGACTTG-1_7	0
CGGAACCGTTCTTAGG-1_7	4
CGGAATTAGGTGATCG-1_7	7
CGGGACTAGCCTCAGC-1_7	4
CGGGCATCATATACCG-1_7	6
CGGGCATTCGTAACCA-1_7	2
CGGGTCAAGATCCCGC-1_7	1
CGGGTCAGTTGCCAAT-1_7	6
CGGGTGTCAAAGCTCT-1_7	4
CGGTCAGGTTTGAACC-1_7	6
CGTAAGTAGTGCGTCC-1_7	3
CGTCAAACACGTACAT-1_7	1
CGTCCATTCGTAGTCA-1_7	4
CGTGATAAGCTGACTT-1_7	7
CGTGCTTTCCACGTGG-1_7	2
CGTGTCTGTTATAGCC-1_7	7
CGTTAGAAGACTCTTG-1_7	7
CGTTAGAAGATTAGAC-1_7	6
CGTTAGAAGGAAAGTG-1_7	6
CGTTAGATCGCTAATG-1_7	1
CTACATTAGATGACAT-1_7	4
CTACGGGTCTAGTGAC-1_7	6
CTAGACACATCGCTGG-1_7	4
CTAGGTAGTCTGTCCT-1_7	6
CTATCTATCATAGACC-1_7	7
CTCAACCCACAAGCCC-1_7	6
CTCAACCCAGACAATA-1_7	6
CTCAACCCATTGTGCA-1_7	5
CTCAAGACATCCGCGA-1_7	0
CTCAATTCACCTGCGA-1_7	0
CTCAATTGTGTCCATA-1_7	7
CTCACTGCATTCACCC-1_7	6
CTCACTGTCGCCAGTG-1_7	0
CTCAGGGCATGACGTT-1_7	6
CTCAGGGGTATCGATC-1_7	6
CTCATTACACTCTCGT-1_7	1
CTCCACACACGCTGCA-1_7	1
CTCCACAGTGGATTTC-1_7	1
CTCCCAAAGTAAACAC-1_7	6
CTCCCTCCAGAATTCC-1_7	7
CTCCTCCCAAACCATC-1_7	7
CTCCTCCTCACTACTT-1_7	1
CTCGAGGGTATGGGAC-1_7	7
CTCGAGGTCCTATTGT-1_7	0
CTCTCAGGTAGATCGG-1_7	5
CTCTCAGGTAGATGTA-1_7	4
CTCTCGAAGTCACTGT-1_7	2
CTCTCGATCGATGCTA-1_7	3
CTGAATGCAAATCAGA-1_7	5
CTGAGGCAGGATGCGT-1_7	0
CTGAGGCCAATTTCTC-1_7	5
CTGATCCGTAGTCTGT-1_7	0
CTGATCCGTGTTCATG-1_7	7
CTGCCTATCCGATAAC-1_7	2
CTGCTCAGTTGACGGA-1_7	0
CTGGACGCAGCATCTA-1_7	1
CTGGACGGTAGTTCCA-1_7	1
CTGGACGTCCTCACCA-1_7	6
CTGGTCTAGTCATGCT-1_7	6
CTGGTCTCAAAGAACT-1_7	6
CTGGTCTGTCTTGAGT-1_7	5
CTGTACCAGCATCAAA-1_7	3
CTGTACCTCAAGCCCG-1_7	2
CTGTGGGGTACAAACA-1_7	0
CTTAGGACAACAGCCC-1_7	5
CTTCAATAGATGCTTC-1_7	6
CTTCCGATCTCGTGAA-1_7	7
CTTCGGTCACCCTGAG-1_7	1
CTTCGGTTCCCTTGGT-1_7	5
CTTCTCTAGTGTACCT-1_7	6
CTTTCGGAGTTGTAAG-1_7	7
GAAGAATCAACAGTGG-1_7	3
GAAGCCCAGGTTACCT-1_7	0
GAAGCCCCACAGCCAC-1_7	1
GAAGCCCTCACGTAGT-1_7	7
GAAGCGAAGAAAGCGA-1_7	2
GAAGGACCATACACCA-1_7	4
GAAGTAAGTCCGGATC-1_7	5
GAATAGACAGTGGGTA-1_7	7
GAATCACAGATGTTAG-1_7	6
GAATCACAGCTGACCC-1_7	0
GAATCACAGGTACATA-1_7	5
GAATCGTCAGCACCCA-1_7	5
GACACGCAGGCTTTCA-1_7	1
GACCAATGTGGTTTGT-1_7	6
GACCCTTAGTAGATCA-1_7	1
GACCGTGCAGCACCCA-1_7	3
GACCGTGTCGCATGAT-1_7	6
GACCTTCGTACAGAGC-1_7	6
GACGCTGAGGAGATAG-1_7	7
GACGTTAAGGCGAACT-1_7	1
GACTATGAGAATAGTC-1_7	6
GACTATGGTGTCATTG-1_7	6
GACTCTCAGGTCTACT-1_7	6
GACTCTCGTGTTGATC-1_7	4
GACTGATGTTCTAAGC-1_7	7
GACTGATTCTCCCTAG-1_7	7
GAGACCCTCTCGCCTA-1_7	7
GAGACTTAGAGAAGGT-1_7	5
GAGGCAAAGCAAGCCA-1_7	3
GAGGCCTGTGGACAGT-1_7	0
GAGGGATTCGGAACTT-1_7	0
GAGTCTACACTCATAG-1_7	0
GAGTCTAGTCCAGTTA-1_7	1
GAGTGAGCACTGATTG-1_7	1
GAGTGTTCAAGTGCTT-1_7	3
GAGTTACAGTTAGTAG-1_7	6
GAGTTACCAAGCACCC-1_7	2
GAGTTGTCAGAAGCTG-1_7	6
GAGTTGTCATCTTTCA-1_7	4
GAGTTGTGTGGACCTC-1_7	6
GAGTTTGGTCGGAAAC-1_7	3
GATAGAAGTGGCCTCA-1_7	7
GATCACAGTAGACTGG-1_7	0
GATCGTACAAGACTGG-1_7	5
GATCGTATCTGGAGAG-1_7	5
GATGACTGTATCTTCT-1_7	2
GATGACTTCCCTCATG-1_7	4
GATGAGGCACGTCGGT-1_7	7
GATGATCTCTTGCAGA-1_7	5
GATGGAGTCATAAGGA-1_7	6
GATTCTTAGACAGCGT-1_7	6
GATTTCTTCGTAGGAG-1_7	4
GCAACCGTCATGTCAG-1_7	6
GCACATAAGTTGCGCC-1_7	7
GCACGGTAGTGGAAGA-1_7	6
GCACGGTCATCTGCGG-1_7	2
GCACGTGCAGAGATGC-1_7	1
GCACGTGGTACGATTC-1_7	3
GCACTAAAGGAAGAAC-1_7	1
GCACTAAGTCGAGTGA-1_7	6
GCACTAATCTACACTT-1_7	1
GCAGCCAAGAGTCGAC-1_7	3
GCAGGCTGTGTCTTGA-1_7	1
GCATTAGCAAACACGG-1_7	4
GCATTAGCAATCTAGC-1_7	3
GCCAACGGTCTGATAC-1_7	7
GCCAACGGTGCTGATT-1_7	0
GCCAGCACAAAGGGCT-1_7	5
GCCAGCACAGGGTTGA-1_7	6
GCCAGTGAGCCGGATA-1_7	5
GCCATGGGTTTACTGG-1_7	3
GCCATTCAGTAGACCG-1_7	1
GCCCAGAGTGCGCTCA-1_7	6
GCCTGTTGTATCACCA-1_7	1
GCCTGTTTCTGTCCCA-1_7	0
GCGGAAATCAAGTCGT-1_7	1
GCGGATCCATTGCAAC-1_7	7
GCGTGCATCCACGTGG-1_7	0
GCGTGCATCTCCGAGG-1_7	6
GCTACAAAGGTTCTAC-1_7	0
GCTACCTAGTATCCTG-1_7	7
GCTCAAACAGACAATA-1_7	0
GCTGCAGCACACCTTC-1_7	5
GCTGGGTCATGACTTG-1_7	0
GCTGGGTGTAGAAACT-1_7	7
GCTTCACGTCGCGGTT-1_7	0
GGAACCCAGTTGCCTA-1_7	1
GGAAGTGAGGCACTAG-1_7	6
GGAAGTGTCTATCGTT-1_7	6
GGAATCTGTATGTGTC-1_7	1
GGAGATGTCTAAGCGT-1_7	5
GGAGGTAGTGCAATGG-1_7	3
GGATCTACATTGGCAT-1_7	5
GGATCTATCCCTATTA-1_7	3
GGCAGTCGTCCAAGAG-1_7	7
GGCGTCAAGTGGCGAT-1_7	0
GGCGTCATCCCATTCG-1_7	0
GGCTGTGAGCCTTGAT-1_7	2
GGCTGTGTCCCAACTC-1_7	0
GGGAAGTAGCGCTGAA-1_7	7
GGGACAAGTTCAGCTA-1_7	1
GGGACCTTCTTCTTCC-1_7	6
GGGAGATTCTGCAGCG-1_7	3
GGGAGTACACATGTTG-1_7	2
GGGAGTAGTTCCCACT-1_7	6
GGGATCCCACCCAACG-1_7	7
GGGATCCGTCACTTAG-1_7	2
GGGATGAAGTTGCTGT-1_7	5
GGGATGATCTCTATAC-1_7	6
GGGCGTTAGGCTGAAC-1_7	4
GGGCGTTGTAGACAAT-1_7	4
GGGCTACTCCGCGAGT-1_7	0
GGGCTACTCGGAAGGT-1_7	0
GGGCTCAAGCCAAGGT-1_7	6
GGGCTCATCTTCTGGC-1_7	1
GGGTAGAAGTCACGCC-1_7	2
GGGTAGATCGCACTCT-1_7	7
GGGTGTCTCCTAGCTC-1_7	5
GGGTGTCTCGATCCCT-1_7	6
GGGTTATCAGTCGCTG-1_7	2
GGGTTATTCAAGCTGT-1_7	7
GGGTTTACATTACTCT-1_7	1
GGGTTTAGTGCACGCT-1_7	0
GGTCTGGGTAACGATA-1_7	6
GGTGAAGAGAGATGCC-1_7	6
GGTGAAGTCCCTGTTG-1_7	4
GGTGAAGTCCTCCACA-1_7	1
GGTGATTCACGAAGAC-1_7	2
GGTGATTTCTATCGCC-1_7	1
GGTGTTAAGGTTCTTG-1_7	3
GGTTAACGTATGAGGC-1_7	4
GGTTGTACAACACTAC-1_7	7
GTAACCATCCTATGGA-1_7	7
GTAAGTCAGGTGCAGT-1_7	6
GTACAACTCGACACCG-1_7	4
GTAGAGGCACCACTGG-1_7	0
GTAGCTACAGGCGAAT-1_7	5
GTATTTCCAACTTCTT-1_7	1
GTCAAACTCTTCTAAC-1_7	7
GTCACGGAGTTTCGGT-1_7	4
GTCACGGTCCTCACTG-1_7	6
GTCAGCGGTAGCCCTG-1_7	1
GTCATTTAGGCCTGAA-1_7	6
GTCCACTAGTTCTACG-1_7	2
GTCCACTGTTTGTGGT-1_7	2
GTCGAATTCCGAGAAG-1_7	1
GTCGCGAGTACAAAGT-1_7	0
GTCTCACCATGGCTGC-1_7	7
GTCTTTATCACCGGTG-1_7	6
GTGACGCCAACATCGT-1_7	7
GTGAGCCTCTCAATCT-1_7	7
GTGAGTTGTTTGAACC-1_7	2
GTGATGTCACGCAGTC-1_7	1
GTGATGTTCCTTCGAC-1_7	3
GTGCAGCCAACCACAT-1_7	6
GTGCGTGCATCACCAA-1_7	7
GTGCTTCCACTTCCTG-1_7	3
GTGGAAGGTGATTGGG-1_7	2
GTGGAGACATAGGTAA-1_7	1
GTGTGATGTGAAAGTT-1_7	1
GTGTGGCGTGAGGCAT-1_7	6
GTGTTAGCAACGGCTC-1_7	5
GTGTTCCAGTGGCGAT-1_7	0
GTTACAGAGGTTGCCC-1_7	3
GTTAGACGTTCCGCAG-1_7	7
GTTAGACGTTGCTCAA-1_7	7
GTTAGTGCAAACTGCT-1_7	6
GTTATGGCAGCTGAGA-1_7	5
GTTCCGTAGTTGAAGT-1_7	3
GTTCCGTCAAGCGAGT-1_7	0
GTTCGCTAGAGCCCAA-1_7	7
GTTCTATTCCATGATG-1_7	3
GTTGAACAGCGCCATC-1_7	1
GTTGAACCAGCCGTCA-1_7	7
GTTGCGGTCAAATGAG-1_7	3
GTTGTAGTCTGGGAGA-1_7	1
GTTTGGAAGAAGCGCT-1_7	1
TAACACGCAGTTGTTG-1_7	6
TAACCAGAGACCATTC-1_7	7
TAACGACGTACTCGAT-1_7	6
TAACTTCAGTTGCCTA-1_7	2
TAACTTCTCCTACTGC-1_7	6
TAAGCGTAGAAGCGGG-1_7	4
TAAGCGTCAACCCGCA-1_7	4
TAAGCGTGTACGGCAA-1_7	4
TAATCTCAGTGTACCT-1_7	1
TAATCTCTCATAGACC-1_7	3
TACAACGGTGAACGGT-1_7	2
TACACCCAGACTCATC-1_7	4
TACACCCAGAGTTGAT-1_7	0
TACACCCAGTCATCCA-1_7	5
TACATTCGTGGTCTGC-1_7	2
TACCCACCATTCAGGT-1_7	1
TACCCGTAGGAATCGC-1_7	7
TACCCGTAGGCTAACG-1_7	3
TACCCGTCAGGACAGT-1_7	3
TACCCGTGTGACATCT-1_7	6
TACCCGTTCAGGTAAA-1_7	7
TACCGAAAGCTCAGAG-1_7	6
TACCGGGAGGTTGTTC-1_7	3
TACCTCGTCTCTAAGG-1_7	3
TACGGGCCACAGAGAC-1_7	5
TACGGTACACTGGACC-1_7	3
TACGGTACATTAAAGG-1_7	0
TACGTCCGTCTGTTAG-1_7	3
TACTGCCCAATTGCTG-1_7	7
TACTTACAGGGTGGGA-1_7	1
TACTTCAAGCAGGCTA-1_7	7
TAGACCACAGACACAG-1_7	2
TAGACCAGTGGTAACG-1_7	1
TAGACTGAGGTGCATG-1_7	6
TAGACTGAGTAGAGTT-1_7	1
TAGACTGAGTGCAAAT-1_7	3
TAGACTGCAGGCATTT-1_7	6
TAGAGTCGTAATTAGG-1_7	5
TAGGGTTGTACCTGTA-1_7	0
TAGGGTTTCTACTATC-1_7	4
TAGTGCAGTCCGACGT-1_7	6
TATACCTGTAGGCTCC-1_7	2
TATACCTGTGAATGAT-1_7	6
TATATCCAGCACAAAT-1_7	6
TATATCCGTAGGCAGT-1_7	6
TATCGCCGTGAATTAG-1_7	6
TATCTTGAGCACTCAT-1_7	6
TATCTTGCACAAGCCC-1_7	7
TATCTTGCAGGTTCGC-1_7	1
TATCTTGCATCGAGCC-1_7	3
TATGTTCGTTGAGAGC-1_7	7
TATTCCAGTGAAGCTG-1_7	3
TATTGGGCAACGTATC-1_7	4
TATTTCGAGCTTTCTT-1_7	6
TATTTCGCAGAACTAA-1_7	0
TATTTCGGTACTTGTG-1_7	1
TATTTCGGTAGGTAGC-1_7	5
TATTTCGTCATTCGTT-1_7	6
TCAAGACTCGAACTCA-1_7	3
TCAAGCATCCGGCTTT-1_7	7
TCAATCTCAAGTATAG-1_7	2
TCACAAGGTGAGGCAT-1_7	5
TCACTCGTCATTGCTT-1_7	1
TCAGCCTGTACCCACG-1_7	6
TCAGGGCGTATGGTTC-1_7	6
TCAGGTATCACGTAGT-1_7	7
TCAGTCCAGTTTCGGT-1_7	3
TCAGTGAGTTCGGACC-1_7	4
TCAGTTTCAAGACAAT-1_7	1
TCATATCAGCCATCCG-1_7	3
TCATCATTCTTACGGA-1_7	4
TCATGAGTCAGCACCG-1_7	2
TCATGAGTCCAGCACG-1_7	4
TCATTGTAGTGCAGGT-1_7	6
TCCACCACACGACTAT-1_7	3
TCCCATGAGGGTTTCT-1_7	1
TCCGATCAGGTTCATC-1_7	3
TCCGATCCAACCAGAG-1_7	7
TCCGGGAAGCACCCAC-1_7	2
TCCGGGACAGCGTATT-1_7	7
TCCGGGATCAGCACCG-1_7	3
TCCTAATAGCTAAACA-1_7	7
TCCTCCCGTGTCTTGA-1_7	7
TCCTGCAAGCTGAAGC-1_7	3
TCCTGCACAATTCTCT-1_7	7
TCCTTCTAGCCTGTGC-1_7	3
TCCTTCTCAAGTGGGT-1_7	6
TCGAACAAGACATCCT-1_7	7
TCGAACAAGGTTCCAT-1_7	1
TCGACCTAGCTGGTGA-1_7	1
TCGACGGAGATGGTAT-1_7	5
TCGCAGGTCGATGCAT-1_7	6
TCGGGCAAGGGACCAT-1_7	6
TCGGGCACAGACACCC-1_7	0
TCGGGCACATAATCGC-1_7	7
TCGGGCATCTTTGATC-1_7	6
TCGGTCTAGAGAAGGT-1_7	0
TCGTAGAAGAACTCCT-1_7	6
TCGTGCTGTATTCCTT-1_7	1
TCGTGCTTCGGACTGC-1_7	4
TCTATACTCAAGATAG-1_7	1
TCTGCCACATCGTCCT-1_7	4
TCTGGCTTCTTCTGTA-1_7	6
TCTGTCGTCTACCTTA-1_7	6
TCTTAGTAGTGATGGC-1_7	5
TCTTAGTCAAGGTTGG-1_7	3
TCTTAGTCAGCAGAAC-1_7	0
TCTTGCGCACAAACGG-1_7	3
TCTTTGACATGCGGTC-1_7	7
TGAATCGGTCCCTAAA-1_7	7
TGAATGCAGGGATCGT-1_7	6
TGACAGTCAAAGGTTA-1_7	4
TGACTCCAGCTACTAC-1_7	6
TGAGACTCACACACTA-1_7	1
TGAGCATAGCGGATCA-1_7	4
TGAGCATAGGACTGGT-1_7	0
TGAGCGCTCCTCAGAA-1_7	4
TGAGGAGAGGTAATCA-1_7	7
TGAGGAGAGTGGGAAA-1_7	0
TGAGGGACACAAAGTA-1_7	3
TGAGGTTAGGGACCAT-1_7	3
TGAGGTTCAGGCACAA-1_7	6
TGAGGTTTCTGAATCG-1_7	5
TGAGTCAGTAGGCTCC-1_7	0
TGATGCATCATCGCTC-1_7	5
TGATGGTCAAACGAGC-1_7	0
TGATGGTTCAAGTGTC-1_7	0
TGATTCTGTAGATCCT-1_7	4
TGATTCTTCAGTGTCA-1_7	3
TGATTTCCATGGGCAA-1_7	7
TGCACGGAGCCATTCA-1_7	3
TGCAGGCGTGAGAACC-1_7	6
TGCATCCGTATTAAGG-1_7	6
TGCGGCACATTATGCG-1_7	4
TGCGGCAGTAACCCGC-1_7	7
TGCGGGTCATAATGAG-1_7	7
TGCTTCGTCGCTCCTA-1_7	4
TGGAACTAGATGTTGA-1_7	4
TGGAACTCATAGACTC-1_7	7
TGGAACTGTAATTAGG-1_7	0
TGGAACTGTCCCTCAT-1_7	1
TGGAGGATCCTTCAGC-1_7	1
TGGAGGATCTTTCTAG-1_7	1
TGGCGTGCAAACTCGT-1_7	4
TGGGAAGCACGTTGGC-1_7	0
TGGGAGAAGAACTCCT-1_7	6
TGGGATTGTCTCACAA-1_7	7
TGGGCTGCAGCTCATA-1_7	1
TGGGCTGGTAAGGCTG-1_7	0
TGGGCTGTCGAATGCT-1_7	6
TGGGTTATCGACCATA-1_7	3
TGGTAGTTCACTACTT-1_7	7
TGGTGATTCGATGCAT-1_7	7
TGGTGATTCGCAACAT-1_7	0
TGTAACGAGCGAGTCA-1_7	4
TGTAACGCAAGGGTCA-1_7	4
TGTAACGCAGAGGACT-1_7	7
TGTAAGCGTAGCGTCC-1_7	4
TGTAAGCGTGAGTAGC-1_7	0
TGTAAGCGTGGTCTGC-1_7	1
TGTAGACGTCGAGTTT-1_7	7
TGTCAGATCACGTCCT-1_7	2
TGTCCCAGTCGTTGGC-1_7	2
TGTCCTGTCGCGGTAC-1_7	3
TGTGATGGTCCATAGT-1_7	6
TGTGGCGCACTGTCGG-1_7	3
TGTGTGAGTGCATTAC-1_7	7
TGTGTGATCCTACCGT-1_7	3
TGTTACTAGGCCGCTT-1_7	6
TGTTACTCAGAGCTAG-1_7	5
TGTTACTGTGAGGATC-1_7	7
TGTTCCGCATAATCCG-1_7	1
TGTTGAGCAACTCGTA-1_7	5
TGTTGAGCAAGAGTGC-1_7	6
TGTTGAGTCAGACTGT-1_7	7
TGTTGGAAGTGGTGAC-1_7	3
TGTTTGTAGAATGTTG-1_7	6
TTAATCCGTTACTCAG-1_7	6
TTACAGGGTGCAATAA-1_7	7
TTACCGCTCTGAGGTT-1_7	7
TTACGCCAGAGTGAAG-1_7	3
TTACTGTGTTCGAAGG-1_7	0
TTACTGTTCGCGGTAC-1_7	2
TTAGGCAAGCGCATCC-1_7	3
TTAGGCAGTTGCATTG-1_7	6
TTAGGCATCTTCGGAA-1_7	6
TTAGTCTGTTCCACGG-1_7	1
TTATTGCAGAAAGCGA-1_7	7
TTCAATCAGTTCCAGT-1_7	6
TTCAATCGTACACGCC-1_7	7
TTCAATCGTCGCATTA-1_7	0
TTCACCGCATAGGCGA-1_7	4
TTCACGCTCTGAGCAT-1_7	3
TTCCGTGCAGGTGACA-1_7	5
TTCCGTGCATATCTCT-1_7	2
TTCCTTCAGCGAACTG-1_7	6
TTCCTTCTCAAGCCGC-1_7	5
TTCGATTAGCGCATCC-1_7	3
TTCGCTGGTTGGATCT-1_7	1
TTCTCTCCATAACGGG-1_7	6
TTCTCTCGTATGAGCG-1_7	4
TTCTTGACAACCAGAG-1_7	6
TTCTTGACAGACTGCC-1_7	0
TTCTTGAGTGATCATC-1_7	6
TTGAACGTCTCTTGCG-1_7	2
TTGACCCGTAGATCGG-1_7	5
TTGCGTCCAACCTATG-1_7	6
TTGCGTCGTCGGTAAG-1_7	6
TTGGATGTCCATCACC-1_7	3
TTGGGATGTTACTCAG-1_7	7
TTGGGCGAGGCTCTAT-1_7	5
TTGGGTACATTCCTCG-1_7	2
TTGGGTATCCTCAGGG-1_7	3
TTGTGTTAGTGTAGAT-1_7	0
TTGTTCAGTATCGTGT-1_7	6
TTGTTTGGTACGCGTC-1_7	7
TTTACCAGTATGCGGA-1_7	1
TTTACCAGTCTTCAAG-1_7	4
TTTACGTCATACTGTG-1_7	3
TTTACGTTCCCGTAAA-1_7	6
TTTAGTCCACACGGTC-1_7	7
TTTCACAAGGTTGGTG-1_7	0
TTTCACAGTATCCTCC-1_7	0
TTTCACATCTCGAGTA-1_7	7
TTTCAGTGTCGGTACC-1_7	6
TTTCAGTGTCGTCATA-1_7	7
TTTCCTCTCATGACAC-1_7	6
TTTCGATCATCAGCTA-1_7	3
TTTCGATTCAGTGTGT-1_7	5
TTTCGATTCCCAACTC-1_7	6
TTTCGATTCCTGATAG-1_7	6
TTTGGAGAGTAAGACT-1_7	3
TTTGGAGCACCATTCC-1_7	6
TTTGGTTAGACCCTTA-1_7	0
TTTGGTTTCAGTGTGT-1_7	3
AAACCCAAGGCCTGCT-1_8	2
AAACGCTAGCATCAGG-1_8	0
AAAGAACAGGTAAGTT-1_8	3
AAAGGATGTGCAGTGA-1_8	1
AAAGGATTCACCCATC-1_8	7
AAAGGTACAATCTAGC-1_8	4
AAAGGTATCGGCTGAC-1_8	0
AAAGTCCGTTCTGACA-1_8	0
AACAAAGCAATTGAGA-1_8	7
AACAAAGCAGGTACGA-1_8	3
AACAAAGGTAAGCTCT-1_8	6
AACAAAGGTGTTTCTT-1_8	4
AACAAGATCTCCCTAG-1_8	5
AACACACTCAATCCAG-1_8	3
AACAGGGGTTAGGCTT-1_8	7
AACCAACAGTTCCGTA-1_8	7
AACCAACCAATCCTAG-1_8	7
AACCAACTCATAGACC-1_8	5
AACCCAACAGGTTCAT-1_8	7
AACCTGAAGAAGGATG-1_8	0
AACGAAACATAATGAG-1_8	1
AAGAACATCGGTGTTA-1_8	3
AAGATAGAGAAGCTCG-1_8	5
AAGATAGAGTTAGTGA-1_8	1
AAGATAGGTAATGCTC-1_8	7
AAGATAGTCTTCCTAA-1_8	4
AAGCCATCAAATAGCA-1_8	6
AAGCGAGCACGTACAT-1_8	5
AAGGAATAGGGTTAGC-1_8	6
AAGGAATCACTTTAGG-1_8	6
AAGTACCAGGGTACAC-1_8	6
AAGTCGTAGATTAGAC-1_8	5
AAGTGAAAGGGATCGT-1_8	6
AAGTTCGCATATGAAG-1_8	1
AAGTTCGCATGGAACG-1_8	6
AATAGAGTCTCTCCGA-1_8	1
AATCACGCACCCTAAA-1_8	7
AATCACGTCCGCCTAT-1_8	1
AATCACGTCGACGTCG-1_8	7
AATGACCCAGGACATG-1_8	3
AATGACCTCGTTACCC-1_8	3
AATGCCACAGATCCTA-1_8	3
AATGGAAGTTGTCAGT-1_8	2
AATGGCTCAACTTGCA-1_8	5
AATGGCTCAGTTTCGA-1_8	7
AATGGCTCATCAGTCA-1_8	0
AATTCCTTCAAGATAG-1_8	6
ACAACCACAAAGCTAA-1_8	3
ACAAGCTAGGTGAGCT-1_8	3
ACACCAAAGGATATAC-1_8	5
ACACCAAGTGTGTGTT-1_8	5
ACACGCGGTTGGAGGT-1_8	5
ACAGCCGAGACATATG-1_8	1
ACAGGGACATGAATAG-1_8	3
ACATCCCGTGCATGAG-1_8	0
ACATGCAAGCCAGACA-1_8	6
ACATTTCCATGAATCC-1_8	7
ACCAAACAGGCTTCCG-1_8	5
ACCAACACACGTCGTG-1_8	3
ACCAACATCAACACCA-1_8	1
ACCACAACAAAGCGTG-1_8	6
ACCACAAGTTGACGGA-1_8	1
ACCCTCATCGTGTGGC-1_8	6
ACCCTTGCAACCAACT-1_8	7
ACCCTTGTCGGCTTCT-1_8	6
ACCTACCTCGCTGCGA-1_8	7
ACCTGTCAGGTCGTGA-1_8	2
ACCTGTCGTCGCACGT-1_8	7
ACCTGTCTCCCAGGCA-1_8	6
ACGATGTAGGCTCCCA-1_8	5
ACGATGTCACCGTGAC-1_8	5
ACGATGTTCTTGCGCT-1_8	7
ACGCACGCATATGGCT-1_8	7
ACGGAAGGTACATACC-1_8	6
ACGGAAGTCAGATTGC-1_8	0
ACGGAAGTCATCCTGC-1_8	0
ACGGGTCAGGTGCCTC-1_8	2
ACGGTCGGTCGGTAAG-1_8	6
ACGGTCGGTTTCGATG-1_8	7
ACGTAACCAGGTCCCA-1_8	1
ACGTCCTCACGACAGA-1_8	3
ACGTTCCAGGGCGAAG-1_8	0
ACTACGACACGCGTGT-1_8	5
ACTATCTTCGTTGCCT-1_8	7
ACTATGGAGTATAACG-1_8	7
ACTCCCACAGACCATT-1_8	7
ACTCCCATCGCCTATC-1_8	7
ACTCTCGAGGAACTCG-1_8	7
ACTCTCGAGGGTGGGA-1_8	1
ACTCTCGGTAGCTTGT-1_8	4
ACTCTCGTCGTGGAAG-1_8	4
ACTGCAAGTAGATTAG-1_8	0
ACTGCAAGTATCATGC-1_8	0
ACTGTCCCACTGAATC-1_8	2
ACTGTGAGTACCGTCG-1_8	5
ACTGTGAGTATGTCAC-1_8	4
ACTTCGCCATGAGAAT-1_8	7
ACTTCGCGTACCTGTA-1_8	2
ACTTCGCTCCTATGGA-1_8	7
AGAAATGAGCGCACAA-1_8	6
AGAAATGTCGCGGTAC-1_8	7
AGAACAAAGTAACAGT-1_8	5
AGAACCTGTAACTAAG-1_8	7
AGAAGCGAGCTCAGAG-1_8	4
AGAAGCGTCCCAGGAC-1_8	4
AGAAGTACAACCTAAC-1_8	0
AGACCCGGTGTCGCTG-1_8	7
AGACTCACAAGTGGCA-1_8	2
AGACTCATCCGATTAG-1_8	2
AGAGCCCAGAGGCGGA-1_8	0
AGAGCCCCACTCAAGT-1_8	6
AGAGCCCTCCTTTAGT-1_8	3
AGATAGAAGCAGGCAT-1_8	6
AGATAGATCCCATGGG-1_8	0
AGATCCAAGGATCACG-1_8	7
AGATCCACAGAGAAAG-1_8	5
AGATGCTGTCTACAGT-1_8	5
AGCGATTCATGTTCGA-1_8	7
AGCGCCAAGCGACAGT-1_8	5
AGCGCCAGTCGGAAAC-1_8	7
AGCGCCATCGATAACC-1_8	7
AGCGCCATCGCCGAAC-1_8	5
AGGAAATCAACAAGTA-1_8	5
AGGAAATCAATGCTCA-1_8	5
AGGACTTCACTAGAGG-1_8	7
AGGACTTTCGATGCAT-1_8	3
AGGATAACAAGGACAC-1_8	7
AGGATAATCCAGTGTA-1_8	0
AGGATCTAGTTCTACG-1_8	0
AGGATCTCAGGCCCTA-1_8	6
AGGCATTTCTAAGCCA-1_8	7
AGGCCACAGGTGCAGT-1_8	7
AGGCCACGTCGGTAAG-1_8	7
AGGGAGTAGCGTATGG-1_8	2
AGGGAGTAGTCAATCC-1_8	7
AGGGAGTCAAGGTCGA-1_8	7
AGGGAGTCATGAGGGT-1_8	7
AGGGTCCAGTGAGCCA-1_8	4
AGGGTGACAGTAGTTC-1_8	4
AGGTAGGCAGTTTCGA-1_8	5
AGGTCATCACGTAGTT-1_8	6
AGGTCATCAGGTGTGA-1_8	0
AGGTCATGTTTGTGGT-1_8	2
AGGTGTTAGATGCTGG-1_8	7
AGGTGTTCATGGCTAT-1_8	2
AGGTGTTGTAGGAGGG-1_8	6
AGGTTACTCGGAGTGA-1_8	7
AGTAACCCACCCTAGG-1_8	4
AGTAACCGTTTCTTAC-1_8	5
AGTACCATCGCCACTT-1_8	7
AGTACTGCATACAGAA-1_8	3
AGTACTGTCCTGGTCT-1_8	2
AGTAGCTGTCAGACTT-1_8	1
AGTAGTCGTCATATGC-1_8	3
AGTCAACAGTCAAGCG-1_8	4
AGTCATGTCCACTTCG-1_8	6
AGTGACTGTGACGTCC-1_8	2
AGTGCCGAGTAACGTA-1_8	5
AGTGCCGTCGGTTCAA-1_8	3
AGTGTTGGTTGTTGTG-1_8	6
AGTTAGCTCTTGATTC-1_8	4
AGTTCCCAGCAGAAAG-1_8	6
AGTTCGAAGATTGATG-1_8	6
AGTTCGACAAATTGGA-1_8	0
ATACCGATCAGCATTG-1_8	7
ATACTTCAGCAACAGC-1_8	7
ATAGACCAGATTGATG-1_8	0
ATAGAGAAGATCGACG-1_8	7
ATAGAGACACTATCCC-1_8	4
ATAGAGAGTTAATCGC-1_8	6
ATCACGATCTAAGCCA-1_8	6
ATCACTTAGACTCTAC-1_8	3
ATCACTTGTAACACCT-1_8	1
ATCAGGTAGCTAGAAT-1_8	6
ATCAGGTTCTGAGAAA-1_8	7
ATCATTCGTACTGCCG-1_8	6
ATCATTCTCGCCAATA-1_8	7
ATCCATTAGGGAACAA-1_8	5
ATCCGTCAGTCTGGTT-1_8	3
ATCCTATAGTGGTGAC-1_8	7
ATCCTATTCGTACCTC-1_8	0
ATCGATGCAATGTTGC-1_8	4
ATCGGATAGAAACACT-1_8	5
ATCGGCGAGAAGTCCG-1_8	5
ATCGGCGCAGTCCGTG-1_8	7
ATCGTCCAGGCTAGCA-1_8	1
ATCTCTACACGTCGGT-1_8	1
ATCTCTACAGTAGTTC-1_8	1
ATGAAAGAGCGTGAGT-1_8	6
ATGAAAGTCCCAGGCA-1_8	5
ATGAGGGTCGTAGGAG-1_8	7
ATGATCGTCCACAGGC-1_8	7
ATGATCGTCTCGACGG-1_8	2
ATGCATGAGTCGAAAT-1_8	6
ATGCCTCAGATCACCT-1_8	0
ATGCCTCAGTCACACT-1_8	5
ATGCGATGTACCAATC-1_8	3
ATGGATCCATTGCTGA-1_8	4
ATGGATCTCATCCTAT-1_8	6
ATGGGTTAGCCTGAGA-1_8	6
ATGGGTTTCGCGATCG-1_8	7
ATGTCTTAGGGATGTC-1_8	5
ATGTCTTTCGACTCCT-1_8	0
ATTACCTAGCCGTTGC-1_8	6
ATTACCTCACTATCGA-1_8	6
ATTACCTGTCGGCACT-1_8	7
ATTACCTTCCGATCGG-1_8	7
ATTACTCGTTTAGAGA-1_8	5
ATTCACTGTACAAAGT-1_8	4
ATTCAGGAGCCATATC-1_8	7
ATTCAGGAGTTGGAGC-1_8	7
ATTCAGGTCAGTGATC-1_8	2
ATTCATCTCACTGGGC-1_8	0
ATTCCATCATACACCA-1_8	3
ATTCCTAAGGTACAGC-1_8	5
ATTCCTACAGTCACGC-1_8	1
ATTCGTTAGGTTCATC-1_8	7
ATTCGTTTCAAGGAGC-1_8	1
ATTCTACCAAATGCTC-1_8	7
ATTGTTCGTACTGACT-1_8	7
ATTTACCTCGGACCAC-1_8	1
ATTTCACGTAGGTAGC-1_8	3
ATTTCACGTGGCTACC-1_8	1
ATTTCACTCAAGCCCG-1_8	2
CAAAGAAAGACATCCT-1_8	3
CAAAGAAGTAACGCGA-1_8	4
CAACAGTAGTAGTCTC-1_8	7
CAACCTCAGTAACAGT-1_8	0
CAACGATCAGAGCGTA-1_8	7
CAACGATCAGGACGAT-1_8	1
CAACGATGTAGCTCGC-1_8	0
CAACGATGTCGTCGGT-1_8	4
CAAGACTTCATTTGCT-1_8	6
CAAGAGGCATGATAGA-1_8	6
CAAGCTAGTAGGCTCC-1_8	5
CAAGCTATCGACCTAA-1_8	3
CAAGGGAGTACCAGAG-1_8	0
CAAGGGAGTTCTAACG-1_8	7
CAATGACAGTTACGAA-1_8	7
CAATGACGTTGCAACT-1_8	5
CAATTTCAGGTCCTGC-1_8	3
CACACAACAGTCAGAG-1_8	5
CACACAATCTCGTCGT-1_8	6
CACAGATCATCGATAC-1_8	7
CACAGGCGTATCGGTT-1_8	5
CACCAAATCGAGCACC-1_8	0
CACCGTTCAATATCCG-1_8	2
CACGAATGTGTGATGG-1_8	6
CACGGGTCAGAGGGTT-1_8	3
CACGGGTGTTGGCCTG-1_8	6
CACGGGTTCAGTCCGG-1_8	4
CACGTGGGTTGTTGAC-1_8	6
CACGTGGTCGGAAACG-1_8	6
CACTGAAAGGTGCTAG-1_8	5
CACTGAATCCCTCATG-1_8	4
CACTTCGCACATTCGA-1_8	7
CAGAGCCGTTGCTCGG-1_8	6
CAGATCAAGAATACAC-1_8	6
CAGATCAAGGCATTTC-1_8	6
CAGATCACAGGTGAGT-1_8	4
CAGATTGCAGACCGCT-1_8	6
CAGATTGCATCTTAGG-1_8	6
CAGCAATAGCCGTTGC-1_8	0
CAGCACGAGTGGAATT-1_8	7
CAGCACGCAGTCAACT-1_8	5
CAGCACGTCAATCAGC-1_8	5
CAGCCAGCACCGTGAC-1_8	7
CAGCCAGGTGCCAAGA-1_8	6
CAGCGTGAGCCTAGGA-1_8	6
CAGGCCACATCGGTTA-1_8	5
CAGGTATGTACCCGAC-1_8	3
CAGTGCGAGGTTGGAC-1_8	5
CAGTGCGGTGAGTAAT-1_8	7
CAGTTAGAGTGTAGTA-1_8	2
CAGTTAGGTAGCGTTT-1_8	0
CAGTTAGTCCTGGGAC-1_8	3
CAGTTCCCAGCTTCCT-1_8	1
CATACCCTCTAACACG-1_8	3
CATACTTAGTTGGCGA-1_8	1
CATAGACCATACTTTC-1_8	3
CATAGACGTTAGTCGT-1_8	7
CATCAAGTCCAACTAG-1_8	3
CATCCACTCAGACCCG-1_8	4
CATCGCTAGTCCCAGC-1_8	7
CATCGTCAGCCACTCG-1_8	7
CATCGTCGTTCCGTTC-1_8	5
CATCGTCTCCCTCTAG-1_8	4
CATCGTCTCTGCTTTA-1_8	5
CATGCAATCTGTTCAT-1_8	7
CATGCCTAGTCATGAA-1_8	5
CATGCGGGTGATTAGA-1_8	1
CATGCTCGTCTAGGTT-1_8	5
CATGGTAAGTCCCGGT-1_8	3
CATGGTACATATTCGG-1_8	7
CATGGTAGTAGACAAT-1_8	6
CATTCATTCGCACTCT-1_8	7
CATTCATTCGTTCATT-1_8	5
CATTCTATCTCCGCAT-1_8	7
CATTTCAAGCGTTGTT-1_8	5
CATTTCAAGGATAATC-1_8	1
CATTTCAGTTCATCTT-1_8	7
CCAAGCGCAAGCGCTC-1_8	3
CCACCATGTAGGGAGG-1_8	4
CCACGTTAGTTCGCAT-1_8	7
CCACGTTTCTGGGATT-1_8	7
CCATCACTCCCACAGG-1_8	1
CCCATTGCACTGCACG-1_8	3
CCCATTGCATGGCGCT-1_8	7
CCCATTGTCTTCCAGC-1_8	0
CCCGAAGTCAGTAGGG-1_8	3
CCCGGAATCTGCTGAA-1_8	6
CCCTAACTCCTCCACA-1_8	5
CCCTCAAGTCGTTCAA-1_8	7
CCGAACGGTACCCGAC-1_8	7
CCGAACGGTACTAAGA-1_8	6
CCGAACGTCATTCGTT-1_8	0
CCGATCTGTCGATTTG-1_8	5
CCGCAAGAGAGCATTA-1_8	5
CCGCAAGCACTAGGCC-1_8	7
CCGCAAGGTAACACGG-1_8	6
CCGCAAGGTATTGGCT-1_8	4
CCGGTAGCAGTAACGG-1_8	4
CCGGTAGTCAGGAAAT-1_8	6
CCGGTGACACGCTTAA-1_8	4
CCGGTGAGTTCTCTAT-1_8	1
CCGGTGATCGTCAACA-1_8	6
CCGTAGGCATGGCGCT-1_8	4
CCGTAGGGTCACTAGT-1_8	7
CCGTAGGTCCTATGGA-1_8	0
CCGTGAGTCGTTCTAT-1_8	0
CCTAAGAAGTGCTCGC-1_8	5
CCTATCGCATGTCGTA-1_8	1
CCTCAACAGTGCACCC-1_8	5
CCTCAACGTATCCCTC-1_8	7
CCTCAGTAGCTCATAC-1_8	4
CCTCAGTTCGAGCACC-1_8	4
CCTCCAAAGGTAGACC-1_8	4
CCTCTCCTCACAATGC-1_8	3
CCTGCATCATGTCAGT-1_8	1
CCTGCATGTACAAACA-1_8	7
CCTTCAGTCATGCAGT-1_8	7
CGAAGTTAGCTGGCCT-1_8	4
CGACAGCAGGCAGGGA-1_8	6
CGACAGCCACTTGAGT-1_8	7
CGACAGCCATACCATG-1_8	7
CGAGAAGAGCCGCACT-1_8	4
CGATCGGGTACGATTC-1_8	6
CGATCGGTCTCGTGAA-1_8	5
CGATGCGTCTAGTCAG-1_8	3
CGATGGCGTGGTTTAC-1_8	6
CGCAGGTAGCTGGAGT-1_8	0
CGCATGGCATATACCG-1_8	5
CGCCAGAAGGTGAGCT-1_8	5
CGCCAGATCAAGCCGC-1_8	3
CGCCATTAGGCTTTCA-1_8	0
CGCCATTGTCACTACA-1_8	1
CGCCATTGTCGTCGGT-1_8	5
CGGAATTAGCGGATCA-1_8	5
CGGACACCACTGGCGT-1_8	4
CGGACACGTACGTGAG-1_8	6
CGGAGAAAGGATCACG-1_8	7
CGGAGAACAATGGCAG-1_8	5
CGGAGAAGTTATGACC-1_8	0
CGGCAGTTCACGAACT-1_8	0
CGGCAGTTCTCTCGAC-1_8	1
CGGGACTCACCCATAA-1_8	5
CGGGCATCAGGGACTA-1_8	1
CGGGCATTCATGTCAG-1_8	3
CGGGTGTAGTAACAGT-1_8	6
CGGTCAGAGGTGATAT-1_8	1
CGTAAGTAGTCTTCGA-1_8	3
CGTAAGTCAGCAAGAC-1_8	0
CGTAAGTGTCCGAAGA-1_8	6
CGTAGTACAGAGTCAG-1_8	5
CGTAGTACATCTTTCA-1_8	2
CGTGATACAATACCCA-1_8	5
CGTTCTGAGAAGCTCG-1_8	2
CGTTCTGCAATTCTTC-1_8	7
CGTTCTGGTTACGCCG-1_8	3
CTAACCCCATTCATCT-1_8	3
CTAACTTCATATTCGG-1_8	1
CTAAGTGAGCAATTAG-1_8	7
CTAAGTGTCCATTGCC-1_8	3
CTACATTCAACCCTAA-1_8	5
CTACCCAGTAGGTACG-1_8	5
CTACCCAGTTCGGCCA-1_8	4
CTACCTGAGTACAGCG-1_8	6
CTACTATAGTCCCTAA-1_8	5
CTACTATGTGGTCAAG-1_8	1
CTACTATTCCTACACC-1_8	6
CTACTATTCTATCACT-1_8	5
CTAGACACAGCAGTTT-1_8	3
CTAGGTAGTAATGTGA-1_8	4
CTATAGGCACGCACCA-1_8	7
CTATAGGCATCAGCGC-1_8	7
CTATCTAAGTGATGGC-1_8	0
CTATCTAGTTGGTACT-1_8	6
CTCAACCTCTGAGGTT-1_8	6
CTCAATTAGAGGTGCT-1_8	7
CTCAATTAGGTACTGG-1_8	3
CTCAATTCAACACAGG-1_8	5
CTCACTGCAATAACGA-1_8	5
CTCACTGTCAATGTCG-1_8	6
CTCAGAAGTGACCTGC-1_8	3
CTCAGAATCCAGTACA-1_8	7
CTCATGCAGTATTCCG-1_8	3
CTCATGCGTAGTCTTG-1_8	7
CTCATTACACCAGCTG-1_8	2
CTCCAACAGTAGTCCT-1_8	7
CTCCAACAGTGAGGTC-1_8	0
CTCCACAAGTCGTTAC-1_8	5
CTCCACATCACCATAG-1_8	7
CTCCATGAGGCATCTT-1_8	7
CTCCATGAGGTAAAGG-1_8	7
CTCCATGGTTGGATCT-1_8	6
CTCCCTCTCCTGTACC-1_8	7
CTCCGATTCCACACAA-1_8	6
CTCCTCCCAGGTTACT-1_8	5
CTCGAGGAGACATACA-1_8	7
CTCGAGGAGGAGCTGT-1_8	3
CTCGAGGCAACTCCAA-1_8	1
CTCGAGGCACATTACG-1_8	0
CTCTCGATCATTGTGG-1_8	3
CTGAGCGCAATAGTAG-1_8	0
CTGAGGCGTAATGCTC-1_8	0
CTGCAGGCACGTTCGG-1_8	6
CTGCAGGGTCATAGTC-1_8	7
CTGCATCAGGTGCATG-1_8	3
CTGCATCGTGGACTAG-1_8	5
CTGCCATTCTCCTGCA-1_8	7
CTGCCTAAGATGTAGT-1_8	1
CTGCCTAAGGTCCGAA-1_8	3
CTGCCTACAGTCAGAG-1_8	5
CTGCCTAGTCCTCAGG-1_8	0
CTGCTCACAGGTGGAT-1_8	7
CTGGACGCATCCTTCG-1_8	4
CTGGCAGCATTAAAGG-1_8	4
CTGGTCTCATCGATAC-1_8	5
CTGTATTAGACTACCT-1_8	3
CTGTATTAGGCCTGCT-1_8	7
CTGTCGTTCCCAGGCA-1_8	2
CTGTGAACAGGAGACT-1_8	6
CTGTGGGAGTACCGGA-1_8	4
CTTACCGAGGAGGGTG-1_8	2
CTTACCGTCCGGCAAC-1_8	4
CTTAGGAGTTCAGTAC-1_8	6
CTTAGGATCTGCGATA-1_8	2
CTTCCGAAGTCAAGCG-1_8	3
CTTCCTTAGCAACTCT-1_8	7
CTTCCTTGTGAGCTCC-1_8	1
CTTCCTTGTGCAATGG-1_8	5
CTTCGGTTCGAAGAAT-1_8	5
CTTGAGACAACCAGAG-1_8	1
CTTGAGACATTGTACG-1_8	3
CTTGAGATCGGTGTTA-1_8	7
CTTTCAATCCGGCTTT-1_8	5
CTTTCAATCGACCTAA-1_8	4
CTTTCGGGTACTAAGA-1_8	5
GAAATGACACTCCTTG-1_8	0
GAAATGACAGGAAGTC-1_8	6
GAACACTCACGGCCAT-1_8	6
GAACGTTCAACTTGGT-1_8	0
GAAGAATGTAGAGTTA-1_8	6
GAAGCCCTCGGCTTCT-1_8	7
GAAGCGACATTGTCGA-1_8	5
GAAGCGAGTCTTCGAA-1_8	7
GAAGCGAGTTGGTAGG-1_8	1
GAAGGGTCAGGTTCGC-1_8	3
GAAGGGTGTAAGGCCA-1_8	7
GAATCACGTATCAGCT-1_8	4
GACACGCCATTCTCCG-1_8	7
GACAGCCCATCTAACG-1_8	5
GACATCACATGGAAGC-1_8	0
GACCCTTGTCTTTCTA-1_8	6
GACCGTGAGCGAGTCA-1_8	1
GACGCTGGTCGTTTCC-1_8	6
GACGTTAAGACCTCAT-1_8	5
GACTATGGTCTCCCTA-1_8	5
GACTGATGTGTGCCTG-1_8	5
GAGAAATGTAGACAAT-1_8	3
GAGACCCCATGGAATA-1_8	6
GAGAGGTGTCACAATC-1_8	1
GAGAGGTGTCACTCAA-1_8	3
GAGATGGCAAGACGAC-1_8	3
GAGATGGCAAGCACAG-1_8	1
GAGCTGCAGAGTTGTA-1_8	6
GAGCTGCTCATACAGC-1_8	7
GAGGCAATCGGACTTA-1_8	3
GAGGCCTGTCGGTAAG-1_8	2
GAGGGTAAGGAAAGGT-1_8	3
GAGTCTAAGTCCTACA-1_8	7
GAGTGAGCACCAAAGG-1_8	1
GAGTGAGGTAGACAAT-1_8	5
GAGTGTTTCGCTAGCG-1_8	3
GAGTTGTAGTAGGGTC-1_8	5
GAGTTGTTCTGTGCTC-1_8	1
GATAGAACACGGCCAT-1_8	0
GATAGAATCATTTGTC-1_8	6
GATCAGTTCACCTTAT-1_8	6
GATCATGAGTTGGGAC-1_8	3
GATGACTGTATATGGA-1_8	1
GATGAGGAGCGATTCT-1_8	7
GATGAGGAGGCATCAG-1_8	4
GATGAGGCAGCTGAAG-1_8	7
GATGGAGAGTGGAAAG-1_8	7
GATGTTGCAATCTGCA-1_8	0
GATTCGAAGCACACCC-1_8	6
GATTCGACAGACCGCT-1_8	4
GATTCGACATTGACAC-1_8	0
GATTCGAGTAACGATA-1_8	5
GATTCGATCTGCATGA-1_8	7
GATTTCTTCGCTGATA-1_8	0
GCAACATTCTCAACCC-1_8	5
GCAACCGCATGGTACT-1_8	3
GCACGGTTCATTTACC-1_8	1
GCACGTGCACGCGGTT-1_8	6
GCACGTGGTGGTCAAG-1_8	0
GCAGCCAAGTTTCAGC-1_8	0
GCAGCCACAGATCATC-1_8	5
GCAGCTGAGCTAATCC-1_8	5
GCAGCTGCATGGGTCC-1_8	1
GCAGCTGTCTCATGGA-1_8	4
GCAGGCTAGAAGTCAT-1_8	7
GCAGTTACACATGAAA-1_8	1
GCAGTTACATCGAACT-1_8	1
GCATCGGCACGCCACA-1_8	7
GCATCGGGTGGCGCTT-1_8	7
GCATCTCCATATTCGG-1_8	7
GCCAACGAGTCGCCAC-1_8	3
GCCAACGTCTTGGCTC-1_8	7
GCCAGCAAGCCACTCG-1_8	7
GCCATGGAGCGACCCT-1_8	5
GCCATGGGTAGATCCT-1_8	7
GCCATTCAGTCATGCT-1_8	7
GCCATTCCAGCCTATA-1_8	7
GCCCAGAAGCTGTCCG-1_8	2
GCCCAGACACAATTCG-1_8	6
GCCCAGAGTATCGCAT-1_8	6
GCCGATGTCATCGTAG-1_8	7
GCCGATGTCGAAGGAC-1_8	7
GCGATCGAGTGGTTCT-1_8	3
GCGGAAAAGCACGGAT-1_8	3
GCGGATCTCTAGTCAG-1_8	7
GCGTGCAAGTGGATTA-1_8	7
GCGTGCATCCGATCTC-1_8	6
GCTACAAAGCTAGAGC-1_8	7
GCTCAAAGTAGCTTTG-1_8	7
GCTGAATTCTCGCAGG-1_8	7
GCTGCAGTCTGTGCAA-1_8	7
GCTGGGTTCAGACCTA-1_8	3
GCTTTCGTCCTACGAA-1_8	7
GGAACCCTCGTCGGGT-1_8	6
GGAAGTGAGAACGTGC-1_8	7
GGAAGTGGTCAAGTTC-1_8	7
GGAATGGCAACTCGAT-1_8	7
GGAATGGGTAATTGGA-1_8	1
GGAATGGGTTTCACAG-1_8	0
GGACGTCAGACTCAAA-1_8	3
GGACGTCTCATGAGGG-1_8	7
GGAGGATAGTTGGACG-1_8	5
GGAGGATCAATACCCA-1_8	7
GGAGGTAGTGAACCGA-1_8	4
GGATCTAAGGGAGAAT-1_8	6
GGATGTTGTTGGAGAC-1_8	5
GGCACGTTCCGTGTGG-1_8	7
GGCTGTGCACGAGGAT-1_8	6
GGGACAAGTTGGGACA-1_8	1
GGGACCTGTGGCCTCA-1_8	6
GGGAGATCAAGAATGT-1_8	7
GGGAGTATCCTGGGTG-1_8	7
GGGATCCGTTCACGAT-1_8	2
GGGATGAGTAGTTAGA-1_8	7
GGGCCATAGCCAGACA-1_8	3
GGGCTACAGTGGAAGA-1_8	4
GGGCTCAGTACCACGC-1_8	4
GGGTCACCACCTGCAG-1_8	7
GGGTCTGCAAGGTTGG-1_8	1
GGGTGTCAGACGCATG-1_8	7
GGGTGTCAGGCCGCTT-1_8	5
GGGTTATGTCCGGTCA-1_8	6
GGTAACTCAGAGGCAT-1_8	4
GGTAACTTCGCTCCTA-1_8	6
GGTAGAGTCTCATTGT-1_8	4
GGTCACGAGATGCTGG-1_8	2
GGTCACGGTTTGGAGG-1_8	0
GGTGAAGGTCCATCTC-1_8	6
GGTGAAGGTTGGAGGT-1_8	5
GGTGGCTCAATAGTGA-1_8	5
GGTGTCGCATCGCTCT-1_8	7
GGTGTTACAGTGCGCT-1_8	5
GGTTAACAGCGAGTCA-1_8	7
GGTTCTCAGCAAGTCG-1_8	5
GGTTGTACACTAGGCC-1_8	7
GTAACACGTACTGCCG-1_8	6
GTAACCAGTCTGATAC-1_8	3
GTAATCGCAGGAACCA-1_8	4
GTAATCGGTCACAATC-1_8	5
GTAATGCCAACCCTCT-1_8	6
GTAATGCTCTACCACC-1_8	6
GTACAACCAGGCTACC-1_8	5
GTACAACGTACCATAC-1_8	7
GTACAGTCATCATTGG-1_8	2
GTAGAAACAGACATCT-1_8	6
GTAGATCGTCAACGCC-1_8	6
GTAGATCTCGCCAATA-1_8	6
GTAGGAGTCATCGCTC-1_8	5
GTAGGTTGTAAGATCA-1_8	7
GTAGTACGTATCATGC-1_8	6
GTATTGGCAACGACAG-1_8	3
GTATTGGCATAGGAGC-1_8	5
GTATTTCTCCTTCAGC-1_8	4
GTCAAACTCCTGTAGA-1_8	2
GTCAAACTCTGAATCG-1_8	7
GTCAAGTAGTAGTGCG-1_8	4
GTCACGGGTCCCACGA-1_8	6
GTCAGCGTCAGTCTTT-1_8	6
GTCATCCCAAAGGGTC-1_8	7
GTCATCCGTTGGACCC-1_8	6
GTCATGACATGTGGTT-1_8	5
GTCATGAGTCACTAGT-1_8	1
GTCATTTAGAGGGCGA-1_8	3
GTCATTTGTCCTCCAT-1_8	6
GTCCACTCAAGGTCAG-1_8	2
GTCCACTGTGAGCGAT-1_8	6
GTCCCATGTGGTCAAG-1_8	6
GTCCTCATCCAAACCA-1_8	5
GTCGAATAGAACCCGA-1_8	7
GTCGAATGTATCCCAA-1_8	1
GTCGCGACACGCTTAA-1_8	6
GTCGTTCTCAGCGCAC-1_8	6
GTCTAGAAGCTCCGAC-1_8	4
GTCTAGAGTTATTCTC-1_8	3
GTCTCACGTGGCTGAA-1_8	3
GTCTCACTCAAACTGC-1_8	0
GTCTTTAAGATCGACG-1_8	6
GTCTTTATCACCCTTG-1_8	3
GTGAGGAGTATACCTG-1_8	4
GTGAGTTTCCAATCTT-1_8	6
GTGATGTCATGACTTG-1_8	5
GTGCAGCAGATGCTTC-1_8	6
GTGCAGCGTGCAATAA-1_8	7
GTGCTTCCAGCGTATT-1_8	5
GTGCTTCGTTAGGAGC-1_8	0
GTGGAGAGTCCCGTGA-1_8	6
GTGTCCTTCCATCACC-1_8	7
GTGTGATTCGCAGTTA-1_8	3
GTGTGGCGTGTGGTCC-1_8	0
GTGTTCCGTGGATGAC-1_8	6
GTTACAGAGTGCACAG-1_8	6
GTTACCCGTATGTGTC-1_8	7
GTTACCCTCTCCCAAC-1_8	6
GTTCATTGTCATAGTC-1_8	5
GTTCGCTAGTCAATCC-1_8	7
GTTCTATCATTGCAAC-1_8	1
GTTGAACCAGCATTGT-1_8	3
GTTGCGGAGATTACCC-1_8	2
GTTGCGGCATTCTGTT-1_8	3
GTTGCGGTCCGCATAA-1_8	6
GTTGCTCAGCGTGCTC-1_8	4
GTTGCTCGTCTCGGAC-1_8	6
GTTGTAGAGGAACGCT-1_8	4
GTTGTCCCAAGGAGTC-1_8	3
GTTGTCCGTGAGACGT-1_8	3
GTTGTCCGTGTATTCG-1_8	6
GTTTGGAAGGCAGGGA-1_8	1
TAACACGAGCAAATGT-1_8	1
TAACACGAGGCTGTAG-1_8	1
TAACACGAGTTAGTAG-1_8	3
TAACACGGTATCGTGT-1_8	3
TAACTTCAGTCGTCTA-1_8	1
TAAGCCATCTCAGTCC-1_8	4
TAAGCGTGTTGAGGAC-1_8	1
TAAGTCGAGTATGGAT-1_8	3
TAAGTCGTCTAACACG-1_8	4
TAATCTCGTACAGAAT-1_8	5
TACAACGAGAGAGAAC-1_8	6
TACAACGCAGCAGTTT-1_8	0
TACACCCCAATAACGA-1_8	5
TACATTCAGTAAAGCT-1_8	7
TACCCGTGTTCGCGTG-1_8	0
TACCCGTTCAAGTGGG-1_8	0
TACCGAAGTGCTGCAC-1_8	5
TACCGGGGTCTCTCAC-1_8	0
TACCTCGGTACTCCCT-1_8	5
TACCTGCCATACCGTA-1_8	0
TACTGCCGTCGATGCC-1_8	7
TACTTACGTCTTGAGT-1_8	5
TACTTCATCCGTATAG-1_8	6
TAGACTGGTCTCACGG-1_8	5
TAGAGTCCAGGAATCG-1_8	7
TAGATCGAGGATATGT-1_8	7
TAGATCGTCCCATAGA-1_8	3
TAGCACAAGGTGCTAG-1_8	5
TAGCACATCTAGACAC-1_8	6
TAGGGTTGTCAAACGG-1_8	7
TAGGTTGGTACAGTTC-1_8	2
TAGGTTGGTGGGTCAA-1_8	6
TAGGTTGTCATGTCTT-1_8	6
TATACCTAGGACGCTA-1_8	0
TATACCTGTAGACAAT-1_8	5
TATATCCCAAGACTGG-1_8	5
TATCGCCTCGTGGGAA-1_8	6
TATCTTGGTCTGTCAA-1_8	6
TATTCCAAGAAACTAC-1_8	7
TATTCCAAGCTTCGTA-1_8	6
TATTGGGTCTCGACCT-1_8	7
TATTTCGCAAACACGG-1_8	6
TATTTCGTCGCCGTGA-1_8	7
TCAATCTCAACTACGT-1_8	7
TCAATCTGTAGCCAGA-1_8	5
TCAATCTGTTCAACGT-1_8	4
TCACAAGGTGCGTGCT-1_8	6
TCACACCCACCTCGTT-1_8	7
TCACGCTCAGCGCGTT-1_8	7
TCAGCAAAGCACTTTG-1_8	6
TCAGCAAAGCAGATAT-1_8	5
TCAGCCTCACCTTCCA-1_8	2
TCAGCCTCACTGCATA-1_8	6
TCAGGGCTCCAATCTT-1_8	6
TCAGTCCGTATTGGCT-1_8	1
TCAGTGAAGGAGCAAA-1_8	6
TCAGTGAGTTGCAAGG-1_8	7
TCAGTGATCATCGTAG-1_8	7
TCATATCTCTCCACTG-1_8	6
TCATCCGTCTAAGCGT-1_8	6
TCATGAGAGTTGAAGT-1_8	5
TCATGAGGTTCTCTAT-1_8	2
TCATGAGTCCTACCGT-1_8	6
TCATGGACAAGAGGCT-1_8	2
TCATGGACAGGTTCAT-1_8	7
TCATGGATCCATTTGT-1_8	5
TCATTGTCACTAACCA-1_8	2
TCCACCATCGGTCTGG-1_8	6
TCCACGTAGCCAAGCA-1_8	5
TCCAGAAAGTCTGTAC-1_8	6
TCCCATGAGCTACGTT-1_8	0
TCCGAAAAGCCTCTTC-1_8	5
TCCGAAACAATAGTAG-1_8	6
TCCGAAAGTCTCCTGT-1_8	6
TCCTAATAGGTCGTAG-1_8	3
TCCTAATTCAGGAACG-1_8	0
TCCTCCCGTGGGAGAG-1_8	6
TCCTCGAGTAGATGTA-1_8	6
TCCTCGATCCACGGGT-1_8	6
TCCTCTTAGCACTCGC-1_8	3
TCCTGCAAGAGAACCC-1_8	3
TCCTTCTAGAGTCCGA-1_8	2
TCCTTCTCAAGAGTGC-1_8	7
TCCTTTCTCGTTGCCT-1_8	6
TCGACGGAGGTTCTAC-1_8	7
TCGACGGGTCCGCAGT-1_8	7
TCGACGGTCCCGTTGT-1_8	7
TCGCAGGAGCATCAGG-1_8	5
TCGCAGGCAGGTCTCG-1_8	5
TCGCTCACACAAGTTC-1_8	1
TCGCTTGTCCACTTCG-1_8	0
TCGCTTGTCGAGAACG-1_8	5
TCGGATAAGACCTGGA-1_8	7
TCGGATAAGTCTCTGA-1_8	0
TCGGGACAGCTCATAC-1_8	6
TCGGGACGTGCTATTG-1_8	4
TCGGGTGGTCGCAGTC-1_8	0
TCGGTCTAGAGGGCGA-1_8	7
TCGGTCTTCGGCTGTG-1_8	0
TCGTAGAAGCGCTTCG-1_8	0
TCGTAGACAGCAGACA-1_8	4
TCGTAGACATTCATCT-1_8	7
TCGTAGAGTACGATTC-1_8	6
TCGTAGATCGTTGTGA-1_8	7
TCGTGGGGTGTTGACT-1_8	7
TCTACCGGTATGAGCG-1_8	2
TCTACCGGTTAAAGTG-1_8	6
TCTATACTCCATACAG-1_8	6
TCTCACGGTAACTGCT-1_8	5
TCTCAGCTCCGAGAAG-1_8	7
TCTCCGAGTTGGAGGT-1_8	7
TCTCTGGTCCGAAATC-1_8	1
TCTTAGTTCTCGACGG-1_8	5
TCTTGCGAGGTCTGGA-1_8	0
TCTTTGAAGCGTTAGG-1_8	3
TCTTTGAAGCTAGTTC-1_8	5
TGAATGCCATTACGGT-1_8	5
TGACCCTTCGAGCACC-1_8	6
TGACTCCCAGAAATCA-1_8	6
TGACTCCTCAGCACCG-1_8	5
TGAGACTAGCGATGAC-1_8	6
TGAGACTGTGCAACAG-1_8	7
TGAGGGACATTAGGAA-1_8	7
TGAGGTTTCAGGACGA-1_8	5
TGAGTCAGTCCTACAA-1_8	0
TGATCAGTCTGAATCG-1_8	0
TGATGGTAGCCACTCG-1_8	6
TGATGGTGTACGGCAA-1_8	7
TGATTCTGTACCTATG-1_8	6
TGATTCTGTTCGGTAT-1_8	3
TGATTTCAGGTTCAGG-1_8	1
TGATTTCTCTGCGAGC-1_8	5
TGCACGGAGTATAGGT-1_8	6
TGCAGATTCCGAGAAG-1_8	6
TGCAGTAAGGTACAAT-1_8	5
TGCAGTAGTCAGTCCG-1_8	4
TGCATCCCACAAGTGG-1_8	7
TGCATCCGTAGTCGGA-1_8	0
TGCCGAGAGCTAAATG-1_8	6
TGCCGAGAGGCTAAAT-1_8	5
TGCCGAGAGGTTGAGC-1_8	3
TGCCGAGTCCGTATGA-1_8	6
TGCGATACAAGCTCTA-1_8	0
TGCGGGTGTAACTGCT-1_8	0
TGCGGGTGTACAGTAA-1_8	7
TGCTCGTCAACCGCTG-1_8	1
TGCTGAAAGCGTATGG-1_8	1
TGCTGAACACCGTGGT-1_8	5
TGCTGAATCCGACAGC-1_8	3
TGGAACTTCCGATAGT-1_8	7
TGGAGAGAGGATACCG-1_8	6
TGGAGGAGTTGCCTAA-1_8	4
TGGCGTGGTGGACAGT-1_8	5
TGGGAGACAAGGGCAT-1_8	3
TGGGAGAGTTGCAAGG-1_8	6
TGGGAGATCGCGTTTC-1_8	3
TGGGCGTAGTTGCTGT-1_8	6
TGGGCGTTCGATGCTA-1_8	7
TGGGCTGCACGACTAT-1_8	6
TGGGTTATCTCAGTCC-1_8	7
TGGTACAGTCAGACGA-1_8	5
TGGTACAGTGCTCCGA-1_8	0
TGGTACATCCATAGAC-1_8	0
TGGTGATCAACTGCTA-1_8	7
TGTAACGAGTGTCATC-1_8	3
TGTAAGCCAATTCTCT-1_8	7
TGTACAGGTCGAGTGA-1_8	3
TGTAGACTCGTTCTCG-1_8	0
TGTCAGAAGTGAGTTA-1_8	2
TGTCAGAGTCTCAGAT-1_8	6
TGTCAGAGTTTGGGAG-1_8	6
TGTCCACGTACTGTTG-1_8	1
TGTCCTGCAACCGGAA-1_8	6
TGTGAGTCAAGTTCCA-1_8	7
TGTGATGCAAATTGCC-1_8	6
TGTGTGACATCTATCT-1_8	7
TGTTGAGCACATATGC-1_8	2
TGTTGGAAGATACCAA-1_8	6
TGTTTGTCAGGTCCCA-1_8	6
TGTTTGTTCCACGGAC-1_8	5
TGTTTGTTCCAGCACG-1_8	5
TTACAGGCAACAACAA-1_8	5
TTACCATCAAATCGTC-1_8	5
TTACCGCAGAAGCGCT-1_8	7
TTACGCCCAACGATTC-1_8	0
TTACGTTCAATGCAGG-1_8	6
TTACGTTCACGCTGTG-1_8	7
TTACTGTAGCTCACTA-1_8	4
TTAGGCAAGACTACGG-1_8	3
TTAGGCACAACTGCCG-1_8	7
TTAGTCTAGCAGTCTT-1_8	7
TTAGTCTTCAACTGAC-1_8	6
TTATTGCGTGGAACCA-1_8	7
TTCAATCAGTTGGAGC-1_8	5
TTCAATCGTGTGTCGC-1_8	3
TTCAGGACAACGGGTA-1_8	7
TTCAGGATCCCTCTTT-1_8	6
TTCATTGAGAGTCACG-1_8	1
TTCATTGTCTAAACGC-1_8	7
TTCCGGTGTTCTTGCC-1_8	5
TTCCGTGAGATGCCGA-1_8	5
TTCCGTGAGCTATCTG-1_8	6
TTCCTAAAGCCAGAGT-1_8	5
TTCCTAAAGTGCACAG-1_8	5
TTCCTCTGTGACGTCC-1_8	7
TTCCTTCTCTGAACGT-1_8	7
TTCCTTCTCTTTCGAT-1_8	4
TTCGATTAGTCAATCC-1_8	3
TTCGGTCTCAACACGT-1_8	7
TTCTAACAGTGGCAGT-1_8	1
TTCTAGTGTAAGATAC-1_8	6
TTCTGTAAGCGCACAA-1_8	1
TTCTGTAAGTGCTCAT-1_8	3
TTCTGTAGTCGCACAC-1_8	3
TTCTTCCCAGCCGGTT-1_8	3
TTCTTCCTCCATTGCC-1_8	0
TTCTTGATCCGTGCGA-1_8	5
TTGAACGCAGACTCTA-1_8	7
TTGCATTGTTTGCAGT-1_8	7
TTGCGTCTCACTGATG-1_8	3
TTGCTGCGTTGACGGA-1_8	4
TTGCTGCTCGACATAC-1_8	7
TTGGATGAGGTTACAA-1_8	6
TTGGGTAAGTAGGAAG-1_8	2
TTGGGTACAGAGTTGG-1_8	5
TTGGTTTAGATCGGTG-1_8	5
TTGTTCAAGTGCCGAA-1_8	7
TTGTTCAGTCCTGAAT-1_8	5
TTGTTCATCATTACCT-1_8	3
TTGTTGTCATACACCA-1_8	6
TTTACGTCAACTCCCT-1_8	5
TTTACGTGTGCACAAG-1_8	0
TTTCACAAGGTTCAGG-1_8	6
TTTCAGTTCGTGCTCT-1_8	5
TTTCATGGTTTCCATT-1_8	7
TTTCGATCAATTAGGA-1_8	4
TTTGATCCAAATACGA-1_8	0
TTTGATCCAAGCACAG-1_8	6
TTTGGAGGTTCCGGTG-1_8	7
TTTGTTGAGCACTCTA-1_8	7
TTTGTTGCAAACTAGA-1_8	0
TTTGTTGTCGCCTTGT-1_8	1
AAACGAAAGGTACAGC-1_9	3
AAACGAACAAGTGACG-1_9	7
AAACGAAGTGCGGATA-1_9	7
AAACGCTAGAGAACCC-1_9	7
AAACGCTTCTTCTAAC-1_9	7
AAAGGATGTTCCTTGC-1_9	7
AAAGGGCAGCAGTACG-1_9	7
AAAGGTAAGTGTGTTC-1_9	3
AAAGGTACAAGACGGT-1_9	2
AAAGGTAGTCAGTCGC-1_9	7
AAAGTGATCATCCTGC-1_9	6
AACAACCTCCAGTTCC-1_9	0
AACAAGACACATAGCT-1_9	7
AACAAGACATGTTCAG-1_9	6
AACACACCAATATCCG-1_9	3
AACACACTCATCTCTA-1_9	3
AACAGGGCAATCAAGA-1_9	3
AACAGGGCAGTCAGTT-1_9	2
AACAGGGGTATGCGTT-1_9	6
AACAGGGGTTAGGGTG-1_9	2
AACCACACAAGTACCT-1_9	7
AACCACATCCGATGTA-1_9	2
AACCTGAAGGCTCTCG-1_9	0
AACCTTTCATGTCAGT-1_9	3
AACCTTTGTGAACTAA-1_9	7
AACGGGAAGACTCAAA-1_9	7
AACGTCATCATATGGC-1_9	5
AACGTCATCCACGTCT-1_9	7
AACTTCTGTCATGGCC-1_9	7
AAGAACACATGCAGCC-1_9	3
AAGATAGCACCTCGTT-1_9	1
AAGATAGTCTGACAGT-1_9	7
AAGCATCCACAAGTTC-1_9	5
AAGCATCCAGGAGACT-1_9	7
AAGCATCGTAGCGTAG-1_9	5
AAGCATCTCCGGCAAC-1_9	5
AAGCCATCACAACCGC-1_9	4
AAGCCATTCTATTGTC-1_9	7
AAGCGTTGTGAACGGT-1_9	6
AAGCGTTGTGCAGTGA-1_9	6
AAGGTAAGTACAAAGT-1_9	7
AAGGTAATCACGGACC-1_9	5
AAGTACCAGAGTGTTA-1_9	6
AAGTACCCATGTGTCA-1_9	0
AAGTCGTAGAGGATGA-1_9	6
AAGTCGTTCCCTCATG-1_9	6
AAGTCGTTCTCCGAAA-1_9	5
AAGTGAAAGACTGAGC-1_9	7
AAGTTCGCACCAGTAT-1_9	3
AATCGACGTCTCACGG-1_9	5
AATCGTGCAACGACAG-1_9	7
AATGACCCAATACCTG-1_9	4
AATGACCCAGGACTTT-1_9	5
AATGACCGTATGAGGC-1_9	7
AATGCCAAGATAGCTA-1_9	2
AATGGAACAGCGAACA-1_9	5
AATGGAAGTTTAGAGA-1_9	3
AATGGCTGTTAGGCCC-1_9	3
AATTTCCCATCACAGT-1_9	7
ACAAAGACAATCAAGA-1_9	4
ACAAAGACACAAGGTG-1_9	4
ACAACCAAGCAACTCT-1_9	4
ACAAGCTAGCGTGTCC-1_9	7
ACACAGTTCGCCACTT-1_9	5
ACACCAAAGGGCCTCT-1_9	3
ACACCAACAGACCTGC-1_9	7
ACACGCGAGCAAGGAA-1_9	0
ACACGCGGTCAACGCC-1_9	6
ACAGAAAGTACTTCCC-1_9	0
ACAGCCGAGATGACCG-1_9	6
ACAGCCGCATGAAAGT-1_9	5
ACAGCCGTCAGTGTGT-1_9	0
ACATCGATCTGGGAGA-1_9	6
ACATGCACACCTGCAG-1_9	7
ACATGCAGTATCCCTC-1_9	7
ACCAAACGTGGTCAAG-1_9	0
ACCACAAAGACTACGG-1_9	5
ACCACAAGTATCCCAA-1_9	4
ACCACAAGTATCGAGG-1_9	1
ACCATTTAGAATCCCT-1_9	2
ACCATTTAGAGTCACG-1_9	5
ACCCAAAGTGAAGCGT-1_9	6
ACCCTCAGTTGCATAC-1_9	7
ACCCTTGCAAGCCTGC-1_9	0
ACCGTTCAGTCCTACA-1_9	3
ACCGTTCCATTGGCAT-1_9	0
ACCGTTCTCATGGTAC-1_9	7
ACCTGAAAGCCTCTTC-1_9	2
ACCTGAAAGCTCTGTA-1_9	3
ACCTGTCGTAGTGATA-1_9	0
ACGATCACACGGCCAT-1_9	7
ACGGAAGAGGGAGGTG-1_9	5
ACGGAAGCAAGAATGT-1_9	7
ACGGAAGTCCCTTTGG-1_9	4
ACGGGTCAGAACCGCA-1_9	6
ACGGTCGCAACGATCT-1_9	3
ACGGTCGTCACACCGG-1_9	6
ACGTACAAGAGTTGTA-1_9	5
ACGTACACATGACTCA-1_9	1
ACGTAGTCATTGAGGG-1_9	6
ACGTCCTGTTTGGAGG-1_9	4
ACTATCTAGCTTGTGT-1_9	0
ACTATCTCATGCCGCA-1_9	3
ACTCCCAAGCAGCGAT-1_9	7
ACTCTCGTCTGTCCGT-1_9	6
ACTGATGGTACCGGAA-1_9	5
ACTGATGGTCAGACTT-1_9	0
ACTGATGTCCTCATAT-1_9	3
ACTGCAAAGCTCTATG-1_9	3
ACTGCAATCTTGGGCG-1_9	0
ACTGTGAAGAGCCCAA-1_9	6
ACTGTGAAGCAAGTGC-1_9	3
ACTGTGAGTCTACATG-1_9	5
ACTTAGGAGGTTCTTG-1_9	3
ACTTAGGGTAGTCTGT-1_9	6
ACTTATCTCTGAGGTT-1_9	2
ACTTCCGCAGGTGACA-1_9	7
ACTTCGCCAATTGTGC-1_9	5
ACTTTCACATTGGATC-1_9	7
ACTTTGTAGCAATAAC-1_9	5
ACTTTGTGTAGACTGG-1_9	6
AGAAATGAGCTGACAG-1_9	0
AGAACAACAACACACT-1_9	7
AGAACAACACATTCTT-1_9	1
AGAACCTAGATCGACG-1_9	6
AGAACCTAGTTGTCAC-1_9	5
AGAAGCGAGTGCCTCG-1_9	7
AGAAGCGCACTGGACC-1_9	7
AGAAGCGCAGGAGGTT-1_9	3
AGAAGCGGTGTTACTG-1_9	1
AGAAGTAAGGTTGCCC-1_9	6
AGACACTTCGGACGTC-1_9	5
AGACCATCAGGGAATC-1_9	6
AGACCATTCTGCGGGT-1_9	7
AGACTCAGTCTTGGTA-1_9	7
AGACTCAGTTAGAAAC-1_9	0
AGAGAATGTATCTCTT-1_9	0
AGAGAGCGTAGAGTTA-1_9	6
AGAGCAGAGATCACCT-1_9	2
AGAGCAGAGGCTCACC-1_9	4
AGAGCAGAGTAGAATC-1_9	5
AGAGCAGTCAGCGCAC-1_9	5
AGATAGATCCCAGGCA-1_9	0
AGATCGTCACCCTGAG-1_9	0
AGATCGTGTGGCATCC-1_9	7
AGATGAAGTCCAGCGT-1_9	3
AGCATCACATGGGCAA-1_9	7
AGCATCATCTCAGGCG-1_9	5
AGCCAATAGGGACTGT-1_9	6
AGCCAGCCAGACAAAT-1_9	1
AGCGATTGTAATTGGA-1_9	6
AGCGCCACACGGTGAA-1_9	4
AGCGCTGCACACGCCA-1_9	2
AGCGCTGCACCGAATT-1_9	3
AGCGCTGCAGCGGATA-1_9	7
AGCGCTGGTCTCAGAT-1_9	6
AGCTACAGTTGGCTAT-1_9	3
AGCTACATCTCGACCT-1_9	7
AGCTACATCTTCTAAC-1_9	6
AGCTTCCAGGTTGGAC-1_9	4
AGCTTCCAGTACCGGA-1_9	4
AGCTTCCAGTGTAGTA-1_9	0
AGGAAATTCAAAGGTA-1_9	3
AGGAATAAGGCCTAAG-1_9	4
AGGACTTAGCCATTTG-1_9	5
AGGACTTCACTGCGTG-1_9	5
AGGACTTTCTTGGTGA-1_9	7
AGGATAATCGTGGTAT-1_9	7
AGGCCACCAATAGGGC-1_9	5
AGGCCACCACTTGTCC-1_9	5
AGGCTGCGTGCATACT-1_9	5
AGGCTGCGTGGAACAC-1_9	5
AGGGTCCGTTCCTAGA-1_9	7
AGGGTCCTCATGACAC-1_9	4
AGGGTGAGTAACATCC-1_9	2
AGGGTGAGTATACCTG-1_9	2
AGGGTGATCATCTCTA-1_9	6
AGGGTTTCAAGCTCTA-1_9	3
AGGGTTTCATAGTCAC-1_9	7
AGGGTTTTCGTTTACT-1_9	7
AGGGTTTTCTTAGCAG-1_9	3
AGGTCATAGTGGACGT-1_9	7
AGGTCTAGTATCGTGT-1_9	5
AGGTGTTAGACTACGG-1_9	5
AGGTTACCAAGAAACT-1_9	5
AGGTTACGTCGACGCT-1_9	7
AGGTTACGTGGGATTG-1_9	6
AGTAACCAGAGTTGTA-1_9	6
AGTACTGGTCAAAGAT-1_9	7
AGTACTGGTTAGGCCC-1_9	3
AGTCAACAGCATCCCG-1_9	3
AGTCAACCACGGTCTG-1_9	5
AGTCAACCATACAGAA-1_9	6
AGTCACAGTATATGGA-1_9	2
AGTCACAGTTCGCGTG-1_9	4
AGTCTCCAGGGCAACT-1_9	6
AGTGATCGTAACTAAG-1_9	0
AGTGCCGCAGAGAATT-1_9	7
AGTGCCGCAGAGTAAT-1_9	7
AGTGCCGGTGGCGCTT-1_9	1
AGTGCCGTCCACGTAA-1_9	3
AGTTAGCGTTTAGTCG-1_9	4
AGTTCCCGTCCGATCG-1_9	3
AGTTCGATCACGATAC-1_9	1
ATACCGAGTCTCGACG-1_9	7
ATACCGATCAGACAAA-1_9	6
ATACTTCAGGTTGCCC-1_9	5
ATACTTCGTGGCTGAA-1_9	6
ATAGACCAGGGCTTCC-1_9	3
ATAGACCCACGTAGTT-1_9	7
ATAGAGACACTTTAGG-1_9	7
ATAGAGAGTGGCAACA-1_9	5
ATAGGCTGTCCCAAAT-1_9	4
ATCACTTGTGGTCCGT-1_9	1
ATCACTTTCGTCAAAC-1_9	5
ATCACTTTCTAGATCG-1_9	6
ATCATTCTCATACGAC-1_9	5
ATCCACCTCTTCTAAC-1_9	2
ATCCATTCAGCGGTCT-1_9	7
ATCCGTCTCGCCTCTA-1_9	3
ATCCTATGTTGAATCC-1_9	6
ATCGATGCAGAGGCTA-1_9	2
ATCGATGGTGATACCT-1_9	7
ATCGCCTAGATAGGGA-1_9	4
ATCGCCTAGTCACAGG-1_9	4
ATCGCCTAGTCATCCA-1_9	0
ATCGCCTGTAATCAAG-1_9	5
ATCGCCTTCCGCTAGG-1_9	7
ATCGGATGTAGGATAT-1_9	7
ATCGGCGAGGCTCAAG-1_9	6
ATCGTCCAGGCATGCA-1_9	0
ATCGTGAGTGACTCTA-1_9	5
ATCGTGATCTTCTTCC-1_9	5
ATCTTCAAGGGCAGAG-1_9	6
ATGAAAGCAGCTGCCA-1_9	6
ATGACCAAGGAGCTGT-1_9	3
ATGACCACATCTCATT-1_9	0
ATGAGGGCACAGCTTA-1_9	6
ATGAGGGTCATCTATC-1_9	6
ATGAGTCTCCGCACGA-1_9	7
ATGATCGAGAGCAGCT-1_9	0
ATGATCGAGGTATAGT-1_9	0
ATGCATGAGCTACAAA-1_9	6
ATGCATGAGTCGAATA-1_9	3
ATGCATGCAGACTGCC-1_9	6
ATGCGATGTATGGGAC-1_9	1
ATGCGATTCACAACCA-1_9	2
ATGGAGGAGAGCAGTC-1_9	4
ATGGAGGAGATGGCAC-1_9	4
ATGGATCAGGTGATAT-1_9	3
ATGGATCCACGAAAGC-1_9	7
ATGGGAGAGGTCGTCC-1_9	6
ATGGGAGCAAGTGGCA-1_9	5
ATGGGAGGTTTCTTAC-1_9	3
ATGGTTGCATCGTCCT-1_9	6
ATGGTTGGTATCGCAT-1_9	5
ATGTCCCCAGGTACGA-1_9	7
ATGTCTTAGGAACTAT-1_9	7
ATTACCTAGTGCTCAT-1_9	7
ATTACTCAGACTTCCA-1_9	2
ATTACTCGTGCCGTAC-1_9	3
ATTCAGGAGCGGGTAT-1_9	7
ATTCAGGGTTCCGCTT-1_9	3
ATTCAGGTCTCGTCGT-1_9	7
ATTCATCAGGCAGGGA-1_9	5
ATTCATCAGGGACAGG-1_9	1
ATTCATCGTGTCATGT-1_9	3
ATTCCATTCGGACAAG-1_9	0
ATTCCCGCAGTAGAGC-1_9	2
ATTCCTAGTCTTGTCC-1_9	6
ATTCGTTCAAGTTTGC-1_9	7
ATTCGTTGTGGCATCC-1_9	5
ATTCGTTTCTCCAATT-1_9	5
ATTCTACTCGTAGGAG-1_9	3
ATTCTTGCATCCGTGG-1_9	5
ATTCTTGGTCGTACTA-1_9	6
ATTCTTGGTTAAACCC-1_9	4
ATTGGGTCATCTGGGC-1_9	6
ATTTCACCAGCCGGTT-1_9	6
ATTTCTGTCCGGTAAT-1_9	3
CAAAGAAAGGTATAGT-1_9	7
CAAAGAAAGTAATACG-1_9	3
CAAAGAAAGTGGCGAT-1_9	7
CAAAGAATCCGAAGGA-1_9	6
CAACAACCACCTCGTT-1_9	0
CAACAACCAGAGAAAG-1_9	1
CAACAACGTAGGAGTC-1_9	5
CAACAACTCATGACAC-1_9	7
CAACAACTCGAGTCCG-1_9	0
CAACAGTAGGCCATAG-1_9	5
CAACAGTGTGTTCCTC-1_9	6
CAACCAAAGGTAGTCG-1_9	3
CAACCTCGTACTCGAT-1_9	6
CAACGATAGGGAGGCA-1_9	7
CAACGGCAGGTACAGC-1_9	6
CAACGGCCAAACAGGC-1_9	2
CAAGAGGCATGCCGGT-1_9	7
CAAGCTAAGATAGTCA-1_9	5
CAAGCTAGTAGATCGG-1_9	6
CAATACGGTATCGTGT-1_9	7
CAATACGGTTGTACGT-1_9	7
CAATCGAGTGCAACAG-1_9	3
CAATGACAGGGCGAAG-1_9	7
CAATGACAGTCACACT-1_9	5
CAATGACGTCTCTCAC-1_9	6
CACAACAAGGCCATAG-1_9	5
CACAACACAGATTCGT-1_9	7
CACAACACATACAGAA-1_9	7
CACACAAAGTCTAGAA-1_9	5
CACAGATTCAAAGACA-1_9	7
CACAGGCTCGGTAGAG-1_9	6
CACCAAAAGACGCCCT-1_9	6
CACCAAAAGGCACCAA-1_9	7
CACCGTTCAGCCGTCA-1_9	7
CACCGTTGTAAGAACT-1_9	5
CACCGTTGTACGACTT-1_9	1
CACGAATCACCAGACC-1_9	2
CACGGGTAGGCTTAGG-1_9	7
CACGGGTAGGTACAAT-1_9	6
CACGTGGTCACAAGGG-1_9	7
CACGTTCAGCGATGAC-1_9	7
CACGTTCTCGGACCAC-1_9	4
CACTAAGGTCTTAGTG-1_9	6
CACTGAAAGGACAAGA-1_9	4
CACTGAAGTCACTGAT-1_9	7
CACTGAATCAGAGCAG-1_9	7
CACTGGGAGCTACGTT-1_9	1
CACTGTCAGGTGGTTG-1_9	1
CAGAGCCAGGTTGTTC-1_9	7
CAGATACGTTTAGACC-1_9	7
CAGATTGAGTAGAATC-1_9	6
CAGATTGGTACAGAAT-1_9	7
CAGCAATCATTCATCT-1_9	5
CAGCAGCAGCTGCGAA-1_9	3
CAGCGTGCACTAGTAC-1_9	5
CAGCGTGCAGTTCACA-1_9	1
CAGGGCTCATCAGCGC-1_9	2
CAGGGCTTCCGTCAAA-1_9	5
CAGGTATCAAGAAACT-1_9	4
CAGTTAGGTATACAGA-1_9	3
CAGTTAGGTTATGTGC-1_9	3
CAGTTCCCACTGCGAC-1_9	2
CATACAGAGTCGAATA-1_9	0
CATACTTGTACCGTGC-1_9	3
CATAGACCATCCGGTG-1_9	7
CATCCACGTAGCACAG-1_9	6
CATCCACGTCTGTGAT-1_9	3
CATCCCAGTATACGGG-1_9	5
CATCGCTGTGTGACCC-1_9	0
CATCGGGCAATTGAGA-1_9	7
CATCGTCAGGTCGTAG-1_9	6
CATGAGTTCCGATTAG-1_9	3
CATGCAAGTCTGCATA-1_9	5
CATGCAATCTATGCCC-1_9	7
CATGCCTAGGGAGATA-1_9	3
CATGCCTCAGTAGTTC-1_9	1
CATGCGGGTACGATTC-1_9	1
CATGCTCAGGTTCAGG-1_9	4
CATTCATGTACAGTCT-1_9	7
CATTCCGCAGAGGTAC-1_9	5
CATTCCGGTAGTTAGA-1_9	3
CATTCCGTCTTAGCCC-1_9	5
CATTGCCAGGTCCTGC-1_9	3
CATTGCCGTTGCTCCT-1_9	2
CATTGTTAGGCTAACG-1_9	5
CATTGTTGTGCAGATG-1_9	3
CATTTCATCCACTGAA-1_9	6
CCAAGCGAGGAGTCTG-1_9	3
CCAAGCGCAAGCAATA-1_9	7
CCAAGCGCAGCATCTA-1_9	3
CCAATGATCTTTGCTA-1_9	5
CCAATTTAGACGCAGT-1_9	5
CCAATTTAGCGTTCCG-1_9	7
CCAATTTTCCAGGACC-1_9	7
CCACAAACAGGTCAAG-1_9	3
CCACCATCATGTACGT-1_9	3
CCACCATGTGTATACC-1_9	5
CCACTTGAGCTTTCCC-1_9	6
CCATAAGAGCCAGACA-1_9	5
CCATAAGCAAAGGATT-1_9	1
CCATAAGGTTTCAGAC-1_9	1
CCATCACAGGATTCCT-1_9	5
CCCAACTGTCCTGGTG-1_9	0
CCCAACTGTGAAGCTG-1_9	3
CCCATTGAGAGGCGGA-1_9	0
CCCATTGAGCAGCGAT-1_9	7
CCCATTGCACAGAGAC-1_9	0
CCCGGAACAACTTGGT-1_9	5
CCCTCAATCTTAGTTC-1_9	7
CCCTCTCCACACCAGC-1_9	6
CCCTCTCTCGACCAAT-1_9	6
CCCTGATAGGCAATGC-1_9	1
CCCTTAGCACACCTGG-1_9	2
CCCTTAGCAGCTCGGT-1_9	6
CCGATCTGTCAAAGAT-1_9	6
CCGATGGCAGACACCC-1_9	1
CCGGACAAGCACTTTG-1_9	7
CCGGACACAGGCGTTC-1_9	6
CCGGACAGTGTTACAC-1_9	7
CCGGGTACAAGCGATG-1_9	1
CCGGGTATCAACCTTT-1_9	3
CCGGTAGAGTTGTAGA-1_9	0
CCGTAGGAGAGCCGAT-1_9	1
CCGTAGGTCGGCAGTC-1_9	7
CCGTGAGAGCCGTTGC-1_9	0
CCGTGAGCACATATCG-1_9	7
CCGTGAGCACGTCGGT-1_9	6
CCGTGAGCACTCTCGT-1_9	7
CCGTTCACACTGTGTA-1_9	7
CCTAACCCAGAAGCTG-1_9	1
CCTAAGACATCGATCA-1_9	3
CCTATCGAGATTGAGT-1_9	7
CCTATCGGTTACACTG-1_9	7
CCTCAACGTACGTTCA-1_9	7
CCTCAGTCAATCGCCG-1_9	7
CCTCCAATCGTGCACG-1_9	5
CCTCCTCAGATGCAGC-1_9	7
CCTCTAGTCCTACTGC-1_9	7
CCTGCATAGGCTAACG-1_9	7
CCTGCATTCGTGGCTG-1_9	1
CCTGCATTCTGTGCGG-1_9	6
CCTGTTGAGAGGTCAC-1_9	3
CCTGTTGCATCGTGGC-1_9	7
CCTTGTGAGATCCTAC-1_9	0
CCTTTGGGTGCGAACA-1_9	0
CCTTTGGGTGGAACCA-1_9	1
CCTTTGGTCATTTACC-1_9	3
CCTTTGGTCTCTTAAC-1_9	7
CGAAGTTGTACAAGTA-1_9	2
CGACAGCAGAACTCCT-1_9	7
CGAGTGCAGTCTCGTA-1_9	7
CGAGTTAAGCTAAATG-1_9	5
CGAGTTAAGCTGAGTG-1_9	5
CGAGTTAAGTGGATAT-1_9	7
CGATCGGCACTGCGTG-1_9	3
CGATCGGGTCGTTTCC-1_9	5
CGATCGGTCGAGAACG-1_9	0
CGATGCGAGCAATAGT-1_9	5
CGCAGGTTCACGGACC-1_9	7
CGCATAAGTTCGGACC-1_9	3
CGCATAATCAGGTGTT-1_9	7
CGCCAGAAGGAGACCT-1_9	2
CGCCATTAGCATGCGA-1_9	6
CGCGTGAAGTTAACAG-1_9	0
CGCGTGATCCACAAGT-1_9	7
CGGAATTAGAGCACTG-1_9	3
CGGAATTAGATTAGCA-1_9	6
CGGAATTTCCATCAGA-1_9	6
CGGCAGTAGAGTCAGC-1_9	3
CGGCAGTAGCTAAACA-1_9	0
CGGCAGTAGTGCACAG-1_9	3
CGGCAGTTCTCCAATT-1_9	0
CGGGACTCACCAGACC-1_9	7
CGGGACTGTGGCCCAT-1_9	7
CGGGACTTCATTCCTA-1_9	7
CGGGCATCAACTGCTA-1_9	5
CGGGCATGTTGCATAC-1_9	6
CGGGCATGTTGCGGAA-1_9	5
CGGGCATTCCAAGGGA-1_9	2
CGGGTCAGTATTGCCA-1_9	3
CGGGTGTAGCCTTTGA-1_9	1
CGGGTGTAGGCTCACC-1_9	7
CGGGTGTCAGTTAGAA-1_9	6
CGGGTGTTCGATGCAT-1_9	2
CGGTCAGAGACCATGG-1_9	4
CGGTCAGAGGTCGTGA-1_9	3
CGGTCAGAGTTTGAGA-1_9	7
CGGTCAGTCAACTTTC-1_9	3
CGGTCAGTCATCACAG-1_9	4
CGTAAGTAGCCGATAG-1_9	1
CGTAAGTAGGAATTAC-1_9	7
CGTAATGCACGCCAGT-1_9	5
CGTAATGGTCTCACGG-1_9	0
CGTAGTAAGGCATCAG-1_9	5
CGTAGTACATCTTCGC-1_9	6
CGTCAAACATAGCACT-1_9	3
CGTCAAAGTTGGGACA-1_9	0
CGTCCATTCGGCTGAC-1_9	5
CGTGAATCACACCTAA-1_9	3
CGTGAATCATGGCTAT-1_9	6
CGTGATACAGACCAGA-1_9	3
CGTGATAGTTATGTCG-1_9	3
CGTGATATCTAGACAC-1_9	1
CGTGCTTCATCATCCC-1_9	7
CGTGCTTCATGACAGG-1_9	7
CGTGTCTGTCTACGTA-1_9	2
CGTTAGACATCATGAC-1_9	0
CGTTCTGGTAGGAAAG-1_9	3
CGTTGGGGTCCACTCT-1_9	6
CTAACTTGTATCCCTC-1_9	7
CTAACTTGTGTTCATG-1_9	4
CTAAGTGCAGCGGTCT-1_9	7
CTACAGAAGCAAGCCA-1_9	3
CTACAGAAGCTGCCTG-1_9	6
CTACAGAAGGCCTAAG-1_9	4
CTACAGACATTACTCT-1_9	5
CTACAGATCTAGAACC-1_9	7
CTACATTCATACATCG-1_9	7
CTACATTCATCTCCCA-1_9	6
CTACCCAAGCTATCTG-1_9	7
CTACCTGCAAAGGGTC-1_9	0
CTACTATGTCAACCTA-1_9	2
CTACTATTCTCACCCA-1_9	7
CTAGACAGTGAGGCAT-1_9	3
CTAGGTATCCTTGGAA-1_9	1
CTATAGGAGGAAGTCC-1_9	6
CTATAGGGTCCCGGTA-1_9	3
CTATCCGTCAACGCTA-1_9	1
CTATCTATCTTGGCTC-1_9	1
CTCAAGAAGACATAAC-1_9	3
CTCACTGTCGGCTGGT-1_9	5
CTCAGAAAGGCGTTAG-1_9	5
CTCAGAAGTCGTCATA-1_9	7
CTCAGAAGTTCGTAAC-1_9	7
CTCAGTCAGAACAGGA-1_9	7
CTCAGTCGTTTCCCAC-1_9	0
CTCAGTCTCATTCTTG-1_9	4
CTCATCGAGAGCAGCT-1_9	1
CTCATGCTCGCCTTGT-1_9	1
CTCATTAAGATACGAT-1_9	7
CTCATTATCGCGGTAC-1_9	6
CTCCAACAGTCAACAA-1_9	7
CTCCAACCATCATCTT-1_9	6
CTCCACACAACCGATT-1_9	7
CTCCACACAACTCCAA-1_9	7
CTCCACATCAAGTGTC-1_9	7
CTCCATGGTGTGCCTG-1_9	6
CTCCCTCAGATGCCGA-1_9	7
CTCCGATCAGCGCGTT-1_9	1
CTCCGATGTAAGATTG-1_9	7
CTCCTCCTCAGAGTTC-1_9	5
CTCCTCCTCCCTATTA-1_9	1
CTCCTTTGTCCTGTCT-1_9	6
CTCCTTTTCCAGTACA-1_9	3
CTCGAGGGTCAATGGG-1_9	0
CTCTCAGAGTTGCCTA-1_9	7
CTCTCAGGTGAACTAA-1_9	7
CTCTCAGTCATCACCC-1_9	7
CTCTGGTCAAATTGGA-1_9	5
CTCTGGTGTAGCGTCC-1_9	7
CTCTGGTTCCTCGCAT-1_9	3
CTCTGGTTCTCGCTTG-1_9	7
CTGAATGCACAGGATG-1_9	3
CTGAATGTCATCACAG-1_9	5
CTGAGCGCACGAAAGC-1_9	0
CTGAGGCAGGTTATAG-1_9	7
CTGATCCTCTCCGATC-1_9	5
CTGCAGGAGTATAACG-1_9	6
CTGCAGGGTCATCGGC-1_9	0
CTGCCATAGGATGCGT-1_9	4
CTGCCATAGTTGGCGA-1_9	7
CTGCCATGTTAGGCCC-1_9	1
CTGCCTACACATTACG-1_9	5
CTGCCTAGTGATCATC-1_9	7
CTGCGAGGTAGTGTGG-1_9	7
CTGCGAGGTGTTAGCT-1_9	7
CTGCTCATCCCATAAG-1_9	7
CTGGTCTAGTCCCTAA-1_9	7
CTGTACCGTCGACTTA-1_9	7
CTGTAGAAGCACCTGC-1_9	6
CTGTAGAAGTATCTGC-1_9	7
CTGTAGACAGCGTTTA-1_9	7
CTGTAGACATTATGCG-1_9	7
CTGTATTAGTATGTAG-1_9	0
CTGTCGTAGCGATGCA-1_9	0
CTGTCGTGTGACATCT-1_9	1
CTGTGAACACCCTATC-1_9	7
CTGTGGGGTAGCCCTG-1_9	1
CTTCAATAGAGCCATG-1_9	7
CTTCAATCAACGAGGT-1_9	7
CTTCCGAGTGTGCTTA-1_9	5
CTTCCTTGTCGTTGGC-1_9	6
CTTCTAATCACAATGC-1_9	4
CTTCTAATCACCCATC-1_9	6
CTTCTCTCACAGTACT-1_9	5
CTTCTCTCATCGCTGG-1_9	3
CTTCTCTGTACCTAAC-1_9	7
CTTGAGAGTTCCACAA-1_9	7
CTTTCAACAGAGAGGG-1_9	0
CTTTCAAGTCGGCACT-1_9	5
GAAACCTGTGCACGCT-1_9	3
GAACGTTAGATGTTAG-1_9	1
GAACTGTAGTCTGCGC-1_9	5
GAAGAATCACAGTACT-1_9	7
GAAGAATCAGAACTCT-1_9	7
GAAGAATGTACCACGC-1_9	7
GAAGCCCAGAACGCGT-1_9	5
GAAGCGAAGCAATTAG-1_9	2
GAAGGACGTAGTCGTT-1_9	0
GAAGGGTAGCTGTACT-1_9	3
GAAGGGTTCATCAGTG-1_9	7
GAATAGACAGCAGTGA-1_9	2
GAATAGATCTTCTAAC-1_9	3
GAATCGTGTGGCAGAT-1_9	7
GAATCGTTCTCCGTGT-1_9	5
GACACGCTCAGTCCGG-1_9	7
GACATCAGTACAAGTA-1_9	7
GACCAATAGACCATTC-1_9	2
GACCAATTCGAGATGG-1_9	7
GACCCTTCAGTTAGGG-1_9	3
GACCCTTCATTCGATG-1_9	6
GACCCTTTCCATTTAC-1_9	7
GACCGTGTCGCAGTGC-1_9	5
GACCTTCCACATCATG-1_9	7
GACCTTCGTCGAGCAA-1_9	3
GACCTTCTCCGTAGGC-1_9	3
GACGTTAAGGCACTCC-1_9	7
GACTATGTCGCCTATC-1_9	0
GACTCAACATGTGACT-1_9	7
GACTCAAGTCGACTGC-1_9	5
GACTCTCTCCGGCAGT-1_9	5
GACTTCCGTACTAACC-1_9	0
GAGACCCAGAAACCCG-1_9	5
GAGACCCAGGGCTAAC-1_9	7
GAGACCCCACTGAGTT-1_9	7
GAGACCCCAGCTGTGC-1_9	7
GAGAGGTAGTAGCAAT-1_9	0
GAGAGGTCAATCTCTT-1_9	4
GAGCCTGGTTGCAAGG-1_9	3
GAGCTGCAGCTCGACC-1_9	7
GAGCTGCAGTAAAGCT-1_9	6
GAGCTGCCAAGTATAG-1_9	5
GAGGCAAAGTTTCTTC-1_9	7
GAGGCAAGTTGTGGCC-1_9	5
GAGGCCTCAATTCTCT-1_9	0
GAGGGATAGGAAAGTG-1_9	2
GAGGGATCAACTCATG-1_9	7
GAGGGTACAAATCGTC-1_9	6
GAGGGTAGTATTGCCA-1_9	5
GAGTCATTCATCGCCT-1_9	5
GAGTCTACACCCAATA-1_9	6
GAGTGAGAGTGCACAG-1_9	7
GAGTGTTAGTGGTGGT-1_9	4
GAGTGTTCAAAGGCTG-1_9	5
GAGTGTTCATAGAAAC-1_9	7
GAGTTACGTTCTCTAT-1_9	1
GAGTTTGAGCCAAGTG-1_9	5
GAGTTTGGTTTACCAG-1_9	4
GATAGCTCACCCAAGC-1_9	7
GATAGCTTCACCGGTG-1_9	6
GATCACAGTGTATACC-1_9	5
GATCATGAGCGATGAC-1_9	7
GATCATGAGCTTCGTA-1_9	6
GATCATGGTGCTCCGA-1_9	7
GATCCCTCATGTGGTT-1_9	0
GATCCCTTCCCGTGAG-1_9	7
GATCGTAAGGATACGC-1_9	7
GATGACTAGCGCCTAC-1_9	7
GATGATCCATGACGAG-1_9	1
GATGCTAAGATCCGAG-1_9	0
GATGCTAGTTGCTCCT-1_9	2
GATGCTATCCGTGGGT-1_9	7
GATGGAGCATGCCGCA-1_9	1
GATGTTGTCAGACCGC-1_9	0
GATTCGATCACCTGTC-1_9	5
GATTCGATCGTTAGAC-1_9	6
GCAACATAGGCTGAAC-1_9	6
GCAACATGTTGCATAC-1_9	5
GCAACCGAGTCCTGCG-1_9	5
GCAACCGCATCGCCTT-1_9	2
GCACATACAGAACTCT-1_9	6
GCACATATCGTGTGAT-1_9	7
GCACGGTAGCCGAACA-1_9	3
GCACGTGGTAGCGCCT-1_9	0
GCACGTGGTAGTGATA-1_9	3
GCACTAAGTGCTATTG-1_9	0
GCAGCCAAGGAGTACC-1_9	3
GCAGCTGAGGAATGTT-1_9	5
GCAGCTGCATAAGCGG-1_9	4
GCAGCTGGTACTCGCG-1_9	0
GCAGCTGTCGCCGATG-1_9	3
GCAGGCTGTTTCACAG-1_9	7
GCAGTTAAGTTGTCGT-1_9	0
GCAGTTAGTCCGTTTC-1_9	7
GCATGATCAGAAATCA-1_9	5
GCATTAGCAAATTGGA-1_9	6
GCATTAGGTACGGATG-1_9	7
GCATTAGGTGTGTGGA-1_9	2
GCCAACGCAACTCGTA-1_9	3
GCCAACGCATTGAGCT-1_9	5
GCCAGCAAGACTTGTC-1_9	6
GCCAGCACATCGCTGG-1_9	7
GCCAGGTGTGTGAGCA-1_9	2
GCCAGGTGTTGGAGAC-1_9	7
GCCAGTGGTGTTTACG-1_9	7
GCCATGGCATTCATCT-1_9	4
GCCATTCCAGTGGGTA-1_9	7
GCCCAGAAGTAAACTG-1_9	6
GCCTGTTAGCGAGTCA-1_9	6
GCGAGAACAAACGAGC-1_9	3
GCGAGAACAGATTCGT-1_9	1
GCGATCGGTTGTCATG-1_9	7
GCGGAAACAAAGCTAA-1_9	5
GCGTGCACATTGCCGG-1_9	5
GCGTGCATCTATTTCG-1_9	7
GCGTTTCTCAAACTGC-1_9	4
GCTCAAAAGTCACTGT-1_9	7
GCTCAAAAGTCCCGGT-1_9	7
GCTCAAAGTGCCTGAC-1_9	7
GCTGGGTAGGTAAGTT-1_9	0
GCTGGGTCACAGCTTA-1_9	6
GCTGGGTTCTCGTTTA-1_9	7
GCTTCACAGCTGACTT-1_9	0
GCTTCACCATAATGCC-1_9	6
GCTTGGGCACAGCGCT-1_9	6
GCTTGGGTCAAACCCA-1_9	5
GCTTTCGCACGTGAGA-1_9	2
GCTTTCGTCCGTTTCG-1_9	5
GGAACCCTCAGTCCGG-1_9	3
GGAACCCTCGTAGAGG-1_9	6
GGAAGTGCACACCTAA-1_9	0
GGAAGTGCAGCTATAC-1_9	3
GGAATCTAGCATCAGG-1_9	3
GGAATGGCAACCGACC-1_9	1
GGAATGGTCCACCTGT-1_9	7
GGACGTCGTCGCATTA-1_9	0
GGAGATGTCCCGATCT-1_9	2
GGAGATGTCTCTGAGA-1_9	3
GGAGCAAAGTGGAAGA-1_9	1
GGAGCAATCACCCTCA-1_9	1
GGAGGTAAGATTGATG-1_9	4
GGATCTAAGCAAATCA-1_9	7
GGCACGTGTGCAACGA-1_9	0
GGCAGTCCAGTATACC-1_9	1
GGCTGTGGTATTAAGG-1_9	6
GGCTGTGTCTCCAAGA-1_9	3
GGCTTTCAGAGAGCAA-1_9	7
GGGAAGTGTATCGAGG-1_9	0
GGGAAGTTCACGAGGA-1_9	5
GGGAAGTTCCCATGGG-1_9	6
GGGACAACAATTGCTG-1_9	1
GGGACAAGTAGCACGA-1_9	5
GGGACAAGTGACTGTT-1_9	7
GGGACCTAGGACGCAT-1_9	7
GGGACCTAGGCGAAGG-1_9	0
GGGACCTAGTCACTCA-1_9	3
GGGAGATAGTTCCTGA-1_9	7
GGGATCCTCAACACCA-1_9	5
GGGATGAGTACAGCGA-1_9	5
GGGCCATAGAGCCGAT-1_9	6
GGGCCATTCGAGAAAT-1_9	0
GGGCGTTCAGCAGGAT-1_9	3
GGGCGTTTCAGCTTCC-1_9	7
GGGCTCAGTCTTCTAT-1_9	6
GGGTAGACAAGGTTGG-1_9	7
GGGTAGACAGGTTTAC-1_9	6
GGGTATTAGTCACTGT-1_9	6
GGGTATTTCTGTCTCG-1_9	7
GGGTCACTCGCCAATA-1_9	0
GGGTCACTCGGCTGGT-1_9	4
GGGTCTGAGCCTCAAT-1_9	7
GGGTCTGGTCGTTCAA-1_9	0
GGGTGAACAGTCGGAA-1_9	7
GGGTGTCAGACTCCGC-1_9	7
GGGTTTACACATCCCT-1_9	5
GGGTTTAGTCCAATCA-1_9	1
GGTCACGAGCGCAATG-1_9	5
GGTCACGCAAGCGGAT-1_9	7
GGTCACGTCGAGCCAC-1_9	4
GGTCTGGTCGCGGACT-1_9	4
GGTGAAGGTCGTCAGC-1_9	1
GGTGAAGTCACTCCGT-1_9	6
GGTGATTAGATAGTGT-1_9	6
GGTGATTAGGGTGGGA-1_9	5
GGTGGCTAGTACGAGC-1_9	0
GGTGGCTTCACACCCT-1_9	6
GGTGGCTTCCTCAGAA-1_9	7
GGTGTCGTCGAGCTGC-1_9	5
GGTGTTAGTGCAATAA-1_9	7
GGTTAACAGAACTGAT-1_9	7
GGTTAACGTTCCACGG-1_9	7
GGTTAACTCAGTCTTT-1_9	2
GGTTCTCAGCCGTAAG-1_9	2
GGTTCTCAGTGGAAAG-1_9	7
GGTTCTCCATGGCACC-1_9	5
GGTTCTCTCGTGGGTC-1_9	6
GGTTGTACATGATGCT-1_9	1
GTAACCACATGTCAGT-1_9	7
GTAAGTCAGTGCGACA-1_9	7
GTACAACAGTGCTCAT-1_9	7
GTACAACCAGAATGTA-1_9	3
GTACAGTAGCTGCGAA-1_9	2
GTACAGTCAGGTTACT-1_9	7
GTAGAAAAGGTAGTAT-1_9	7
GTAGAGGCATCAACCA-1_9	7
GTAGAGGGTAGTCGTT-1_9	3
GTAGAGGGTATTGAGA-1_9	2
GTAGAGGTCCGTAGTA-1_9	7
GTAGATCCACACCTGG-1_9	0
GTAGCTAAGCGTCAGA-1_9	7
GTAGCTAAGGGTCTTT-1_9	5
GTAGGAGAGCATCCTA-1_9	1
GTAGGAGAGTCTTGGT-1_9	0
GTAGGTTTCTCACCCA-1_9	7
GTATTGGGTATAGGGC-1_9	1
GTATTGGGTTAGGACG-1_9	6
GTCAAACTCTTTCCGG-1_9	7
GTCAAGTGTACTAAGA-1_9	4
GTCAAGTGTGTGTCCG-1_9	5
GTCACGGAGAGATGCC-1_9	7
GTCACGGAGTGGACTG-1_9	0
GTCACTCTCGGACAAG-1_9	0
GTCAGCGAGAGTCCGA-1_9	7
GTCAGCGCAAGGTACG-1_9	1
GTCATCCTCCAACTGA-1_9	6
GTCATGACAGGTCCGT-1_9	5
GTCATTTGTCATGACT-1_9	7
GTCCCATCAGAACTTC-1_9	1
GTCCCATGTACAGAAT-1_9	2
GTCCCATTCCGTAGTA-1_9	0
GTCCTCAAGATGTTAG-1_9	6
GTCCTCAGTGTCCAAT-1_9	7
GTCGAATTCCATTGTT-1_9	6
GTCGCGATCGATTGGT-1_9	7
GTCGTTCGTTCAATCG-1_9	0
GTCTACCGTCGAAACG-1_9	6
GTCTAGAAGTACTGTC-1_9	7
GTCTAGATCTTGTTAC-1_9	7
GTCTCACAGACCTCCG-1_9	1
GTCTCACAGTTGCTCA-1_9	7
GTCTGTCAGAGCAGTC-1_9	1
GTCTGTCAGGCTTCCG-1_9	3
GTCTGTCTCACTGAAC-1_9	5
GTCTTTACAAAGGGCT-1_9	2
GTCTTTAGTCCTGAAT-1_9	6
GTGACGCAGTCGAGGT-1_9	6
GTGAGCCCACGAGGAT-1_9	6
GTGAGGAAGATGGTCG-1_9	5
GTGATGTAGCAACAAT-1_9	5
GTGATGTCAATGTCAC-1_9	3
GTGATGTGTTTCGTAG-1_9	1
GTGCACGGTGTATTGC-1_9	0
GTGCACGTCAAGCCGC-1_9	3
GTGCGTGAGGTAGATT-1_9	0
GTGCGTGCACCTGATA-1_9	1
GTGCGTGCATCCTGTC-1_9	5
GTGCTGGTCCATCTAT-1_9	7
GTGCTTCAGGATATGT-1_9	6
GTGCTTCTCAAGCCTA-1_9	6
GTGGAAGCAGGCACAA-1_9	6
GTGGAGACAACGATTC-1_9	1
GTGGAGAGTCACTCAA-1_9	1
GTGGCGTCAAATTGGA-1_9	5
GTGTAACTCGGCGATC-1_9	5
GTGTCCTGTATGCTTG-1_9	4
GTGTGATGTTGCAACT-1_9	5
GTGTGATTCGCTGTTC-1_9	5
GTGTGGCAGCGTCAAG-1_9	3
GTGTTCCTCGCAGAGA-1_9	5
GTTACAGGTCTCGACG-1_9	3
GTTACAGTCGTTCATT-1_9	3
GTTACAGTCTCGGTCT-1_9	6
GTTACCCTCCCTCGTA-1_9	3
GTTACGACAGTAGAAT-1_9	5
GTTAGACTCACTAGCA-1_9	5
GTTAGTGAGAGCACTG-1_9	5
GTTAGTGGTAGTACGG-1_9	5
GTTAGTGTCCCGAAAT-1_9	3
GTTAGTGTCCCTTGGT-1_9	6
GTTATGGTCATGCATG-1_9	7
GTTCATTTCACGATCA-1_9	3
GTTCGCTGTTTGCAGT-1_9	1
GTTCGCTTCTGGCCTT-1_9	1
GTTGCGGAGCGTGTCC-1_9	7
GTTGCGGCAGAACGCA-1_9	0
GTTGTAGAGGCTCACC-1_9	5
GTTGTGAAGGCCCAAA-1_9	7
GTTGTGATCTTGGCTC-1_9	3
GTTTACTCATGCAGGA-1_9	1
GTTTACTGTGAATGTA-1_9	7
GTTTGGAAGCGGGTTA-1_9	4
GTTTGGACAGACTCTA-1_9	7
GTTTGGAGTTATAGCC-1_9	6
GTTTGGATCGAAATCC-1_9	0
TAACACGTCGTAACTG-1_9	6
TAACCAGAGTGCTAGG-1_9	5
TAACCAGCACTTCCTG-1_9	5
TAACCAGTCTTAGCTT-1_9	1
TAAGCACAGGCCCGTT-1_9	7
TAAGCCAAGAGTCACG-1_9	6
TAAGCCAAGCTACTGT-1_9	5
TAAGCCAAGGGTGGGA-1_9	4
TAAGCCATCTATACTC-1_9	3
TAAGCCATCTCCGAGG-1_9	2
TAAGCGTTCGGTAAGG-1_9	6
TAATTCCAGTAGTCTC-1_9	0
TACAACGAGACAACAT-1_9	0
TACAACGCATTGGCAT-1_9	1
TACAGGTGTATCACGT-1_9	7
TACAGGTGTCGCCTAG-1_9	5
TACATTCCAGACCTAT-1_9	6
TACATTCTCCCTCGAT-1_9	3
TACATTCTCCGTGTAA-1_9	3
TACCCACAGTAGGCCA-1_9	7
TACCCACGTGACGCCT-1_9	1
TACCCACTCCCATAGA-1_9	0
TACCCGTGTGGAGGTT-1_9	3
TACCGAAAGACTAAGT-1_9	7
TACCGGGAGTGGTTGG-1_9	3
TACCGGGCAGGATGAC-1_9	3
TACCGGGCATGTGCCG-1_9	3
TACCGGGTCTGGAGAG-1_9	5
TACCTCGGTACATACC-1_9	7
TACCTGCAGTTGGACG-1_9	4
TACCTGCCAAGATGTA-1_9	3
TACCTGCCATCAACCA-1_9	3
TACCTGCGTTTCACTT-1_9	6
TACGCTCAGGAACGAA-1_9	2
TACGGGCCATTCTTCA-1_9	1
TACGGTATCAGCCTTC-1_9	5
TACGTCCAGTCATCCA-1_9	1
TACTGCCCATACCACA-1_9	3
TACTGCCGTACGTGAG-1_9	5
TACTTACAGAGAGCCT-1_9	6
TACTTACCACAAGCAG-1_9	5
TACTTCAAGACGCTCC-1_9	7
TACTTCAAGGGAGGAC-1_9	7
TACTTCAAGGTTAAAC-1_9	6
TACTTCATCGTTAGAC-1_9	7
TAGACCACACATATGC-1_9	3
TAGAGTCCACTCTGCT-1_9	5
TAGATCGAGCGATCGA-1_9	1
TAGATCGAGGTAGTAT-1_9	7
TAGATCGTCGCTGATA-1_9	7
TAGATCGTCGGTCGAC-1_9	7
TAGGAGGCACTCTAGA-1_9	7
TAGGGTTTCACCGGTG-1_9	0
TAGGTACCACCGGCTA-1_9	6
TAGGTACCACTGTGTA-1_9	4
TATCAGGAGATGACCG-1_9	5
TATCAGGTCCCATAGA-1_9	1
TATCTGTGTGTGTGTT-1_9	3
TATTGCTTCTCTGAGA-1_9	3
TATTTCGGTGGTCAAG-1_9	1
TCAAGTGCAAGGAGTC-1_9	7
TCAAGTGGTCACCGCA-1_9	7
TCAATCTCAAAGAGTT-1_9	7
TCAATCTCAGTCTCTC-1_9	5
TCAATCTTCCATTGCC-1_9	6
TCAATTCTCATGCGGC-1_9	4
TCACAAGTCGCTAGCG-1_9	7
TCACAAGTCTGCGTCT-1_9	1
TCACACCAGAAGAGCA-1_9	5
TCACACCCAAGAGTGC-1_9	0
TCACACCCATATAGCC-1_9	7
TCACACCGTAGGAAAG-1_9	1
TCACACCTCCACTAGA-1_9	7
TCACGCTCAGCCTATA-1_9	7
TCACGCTCATATAGCC-1_9	0
TCACGGGTCGGCAGTC-1_9	4
TCACGGGTCTGTCAGA-1_9	7
TCACTATAGAGAGCCT-1_9	3
TCAGCAACAACGGGTA-1_9	6
TCAGCCTAGTAGCATA-1_9	3
TCAGCCTTCCGAGATT-1_9	7
TCAGGGCCAGTATACC-1_9	5
TCAGGGCTCAGCAATC-1_9	2
TCAGGTAAGTGAATAC-1_9	7
TCAGGTAGTGTTTACG-1_9	3
TCAGTCCTCAATGCAC-1_9	1
TCAGTTTAGAGCCCAA-1_9	0
TCATACTCAAATAGCA-1_9	7
TCATACTGTCCACATA-1_9	5
TCATACTTCATCTACT-1_9	7
TCATATCAGGTTCACT-1_9	3
TCATCATCACTGGATT-1_9	7
TCATCATGTAAGCTCT-1_9	5
TCATCATTCGAGCACC-1_9	7
TCATCCGGTTAATGAG-1_9	7
TCATGAGGTCTAGATC-1_9	3
TCATGCCCAGCGTGCT-1_9	6
TCATGTTCATACTTTC-1_9	3
TCATTACCAGACCAGA-1_9	6
TCATTACTCCACCTCA-1_9	7
TCATTCACATCTTTCA-1_9	3
TCATTCACATGGGTCC-1_9	6
TCATTCAGTATGTGTC-1_9	3
TCATTGTCACAATCTG-1_9	7
TCATTTGAGTTCACTG-1_9	1
TCCACCAGTAGGCTCC-1_9	2
TCCACCAGTGAGTAAT-1_9	7
TCCATCGCACTGTTCC-1_9	6
TCCATGCCAAAGCACG-1_9	6
TCCATGCGTTGGGAAC-1_9	5
TCCATGCTCGCTACGG-1_9	4
TCCATGCTCGCTCCTA-1_9	6
TCCCAGTGTTTGATCG-1_9	6
TCCCATGCAGTCAGTT-1_9	1
TCCCATGGTTACCTGA-1_9	5
TCCGAAAAGCGCCTTG-1_9	0
TCCGAAAAGTACGAGC-1_9	3
TCCGGGATCTTAAGGC-1_9	7
TCCGTGTCATGCCATA-1_9	7
TCCGTGTGTGACACAG-1_9	6
TCCTAATCAGTGTGCC-1_9	6
TCCTAATGTGGCAACA-1_9	6
TCCTCTTAGTCCCAAT-1_9	5
TCCTCTTGTTGCGGAA-1_9	4
TCCTGCACAACCGCCA-1_9	0
TCCTGCAGTAGAGGAA-1_9	3
TCCTGCATCCCTCTAG-1_9	3
TCCTTCTAGTAAGCAT-1_9	5
TCGAACAAGAGTCTTC-1_9	0
TCGAACATCTCTCGAC-1_9	5
TCGACCTAGACCATGG-1_9	5
TCGACCTTCCATCGTC-1_9	5
TCGACGGGTCCAAATC-1_9	5
TCGATTTGTCCTTTGC-1_9	4
TCGCACTAGAAACACT-1_9	7
TCGCACTAGCACTCAT-1_9	5
TCGCAGGCAAATACGA-1_9	6
TCGCTCACAGTCAGTT-1_9	1
TCGCTTGCATCGAACT-1_9	3
TCGCTTGGTTTGACAC-1_9	3
TCGGATAAGGAGAATG-1_9	6
TCGGATAAGGTACAGC-1_9	5
TCGGATAAGGTTCTAC-1_9	3
TCGGATACAAGGCAAC-1_9	1
TCGGATATCCGCGATG-1_9	6
TCGGGACAGTCTGGTT-1_9	3
TCGGGCAAGCAGGCTA-1_9	7
TCGGGCAGTCAATGGG-1_9	5
TCGGGTGGTTGGTAGG-1_9	7
TCGGTCTCACAGTGAG-1_9	5
TCGGTCTTCAAGAGTA-1_9	3
TCGTAGAAGACCACGA-1_9	6
TCGTGGGCACCGGAAA-1_9	2
TCTACATAGCGATCGA-1_9	2
TCTACATCAACTGATC-1_9	0
TCTACATTCTTGGTGA-1_9	0
TCTACCGAGTTTAGGA-1_9	7
TCTACCGGTTCGATTG-1_9	2
TCTACCGGTTCGGCCA-1_9	7
TCTATCACAGTCGGTC-1_9	6
TCTCACGAGCTGAGTG-1_9	3
TCTCACGAGTCGGGAT-1_9	5
TCTCAGCCACCAAATC-1_9	2
TCTCAGCCACGCAGTC-1_9	1
TCTCAGCCAGGTCAAG-1_9	5
TCTCCGAAGCGTTGTT-1_9	2
TCTCTGGAGTAAACTG-1_9	7
TCTGCCAGTGCCTACG-1_9	6
TCTGCCAGTTCTTGCC-1_9	7
TCTGCCATCAACACCA-1_9	0
TCTGGCTGTCGAGTTT-1_9	7
TCTGTCGGTCGAATTC-1_9	6
TCTGTCGGTTTGTTGG-1_9	5
TCTTAGTAGGCCTTCG-1_9	5
TCTTAGTGTCATCTAG-1_9	7
TCTTAGTTCCCGAAAT-1_9	4
TCTTCCTGTGGCACTC-1_9	3
TCTTGCGAGTACAGCG-1_9	7
TCTTTGAAGTATGAAC-1_9	0
TCTTTGACATGACAAA-1_9	3
TGAACGTAGCCGCTTG-1_9	1
TGAATCGTCAGCATTG-1_9	6
TGAATGCCAGAACTAA-1_9	4
TGAATGCGTAGTCCTA-1_9	5
TGACAGTAGAGGCGTT-1_9	3
TGACAGTGTGAGTGAC-1_9	5
TGACAGTTCAAACGAA-1_9	0
TGACCCTAGACTCGAG-1_9	5
TGACCCTAGGCACCAA-1_9	7
TGACTCCCATCAGCTA-1_9	4
TGAGCGCCACCCTTGT-1_9	3
TGAGCGCTCTTCGGAA-1_9	4
TGAGGAGTCGAGTCCG-1_9	7
TGAGGGAAGACATCAA-1_9	2
TGATCTTGTGTATTGC-1_9	5
TGATCTTTCCCTCGAT-1_9	4
TGATGCAAGAGAAGGT-1_9	7
TGATTCTCAGGCCTGT-1_9	7
TGATTCTGTTGCCATA-1_9	7
TGATTCTTCACTTCTA-1_9	7
TGATTTCTCTCCAATT-1_9	7
TGCAGGCCATCTATCT-1_9	6
TGCAGGCGTTAAGGGC-1_9	2
TGCAGTACATCCCACT-1_9	7
TGCAGTAGTCCAGTTA-1_9	2
TGCATGACAATTAGGA-1_9	7
TGCATGAGTCGAACAG-1_9	7
TGCATGATCAGCAGAG-1_9	3
TGCCGAGGTATCCCTC-1_9	7
TGCCGAGTCCGAGGCT-1_9	7
TGCGATAAGAGTCACG-1_9	7
TGCGATAAGCACAAAT-1_9	1
TGCGATATCCCTCTAG-1_9	3
TGCGGGTAGCAGAAAG-1_9	3
TGCTCCACACGACCTG-1_9	7
TGCTCCACAGCGTTGC-1_9	1
TGCTCCATCAGCTTGA-1_9	7
TGCTGAATCGTCTAAG-1_9	5
TGCTTCGAGGTTAGTA-1_9	2
TGCTTCGCAACGATTC-1_9	5
TGCTTCGGTGGATCAG-1_9	7
TGCTTCGTCTCTATGT-1_9	2
TGGAGAGAGCCGAACA-1_9	3
TGGAGGAAGTTGAAAC-1_9	6
TGGATCAGTCGAGCTC-1_9	5
TGGATCATCGATCCCT-1_9	7
TGGATGTTCAACCGAT-1_9	6
TGGCGTGCAGGTTCGC-1_9	1
TGGGAAGGTTTGGGTT-1_9	0
TGGTACAGTTGCCAAT-1_9	3
TGGTGATGTAGGTTTC-1_9	0
TGGTGATGTGTTGATC-1_9	7
TGTAACGCAGCGTATT-1_9	7
TGTAAGCGTAGCGAGT-1_9	2
TGTAAGCGTCAACCTA-1_9	6
TGTAAGCGTGGCTTGC-1_9	0
TGTAAGCGTTGTATGC-1_9	5
TGTACAGCATGACGTT-1_9	0
TGTCAGAGTTCTCTAT-1_9	6
TGTCCACAGTGGCAGT-1_9	7
TGTCCCACAAATAAGC-1_9	3
TGTCCTGAGTGCCGAA-1_9	7
TGTCCTGTCACTAGCA-1_9	6
TGTGAGTTCTGGACTA-1_9	7
TGTGCGGTCGAGAAGC-1_9	1
TGTGTGAAGTCAACAA-1_9	7
TGTTACTCACAGTCAT-1_9	1
TGTTCCGAGACAACAT-1_9	7
TGTTCCGTCATCGCCT-1_9	7
TGTTGGATCCGTAGGC-1_9	0
TGTTGGATCGGATAAA-1_9	6
TGTTTGTCATAGTCAC-1_9	7
TGTTTGTGTTTGAACC-1_9	3
TTACAGGTCACCGGTG-1_9	7
TTACCGCAGGTCCTGC-1_9	7
TTACCGCCAGTCTTCC-1_9	3
TTACCGCGTTCGAGCC-1_9	7
TTAGGCACACATGAAA-1_9	7
TTAGGCACATCCCACT-1_9	7
TTAGGGTAGTGGTTGG-1_9	0
TTAGGGTCAAGCCCAC-1_9	3
TTATTGCGTGCCCACA-1_9	5
TTCAATCAGCAGAAAG-1_9	7
TTCAATCGTGTTACTG-1_9	6
TTCAATCTCTATTCGT-1_9	5
TTCACCGAGACTCTTG-1_9	4
TTCACGCAGTAGCTCT-1_9	4
TTCACGCGTTGGGACA-1_9	7
TTCATGTAGGTACTGG-1_9	2
TTCATGTTCAGCTTGA-1_9	3
TTCATTGAGTGTACCT-1_9	3
TTCATTGTCATGGTAC-1_9	7
TTCCAATAGCGGGTTA-1_9	6
TTCCAATGTGTCGATT-1_9	3
TTCCGGTGTTGCGTAT-1_9	5
TTCCGGTTCACAAGAA-1_9	6
TTCCGTGCAGAGGAAA-1_9	6
TTCCTAAAGAGATCGC-1_9	3
TTCCTAAGTGGCCCAT-1_9	5
TTCCTAATCACGGGCT-1_9	2
TTCCTTCAGCCTGCCA-1_9	5
TTCCTTCCACCGGCTA-1_9	6
TTCCTTCCAGCGACAA-1_9	4
TTCGATTCATCTTCGC-1_9	3
TTCGCTGCAAGTGGTG-1_9	0
TTCGCTGCAATACGAA-1_9	1
TTCGCTGCATCACCAA-1_9	3
TTCGCTGGTACGCTTA-1_9	7
TTCGCTGTCTGATTCT-1_9	3
TTCGGTCTCGACCAAT-1_9	5
TTCTAACAGAGCTGCA-1_9	2
TTCTAACGTTGTGGCC-1_9	7
TTCTAGTAGGTATTGA-1_9	6
TTCTAGTCAATGAAAC-1_9	5
TTCTAGTGTTGCCGCA-1_9	0
TTCTCTCGTAGATTGA-1_9	0
TTCTGTAGTATTTCGG-1_9	3
TTCTTCCCATGAAAGT-1_9	7
TTCTTCCGTTTCGCTC-1_9	3
TTGAACGAGTTTCAGC-1_9	2
TTGACCCTCGGTCACG-1_9	3
TTGACCCTCTTACTGT-1_9	6
TTGAGTGAGGGCGAAG-1_9	3
TTGAGTGCAAACCGGA-1_9	3
TTGATGGAGACCAGCA-1_9	7
TTGATGGAGATCACTC-1_9	3
TTGCATTGTTTGGCTA-1_9	3
TTGCCTGAGAACCGCA-1_9	4
TTGCCTGCATGTGACT-1_9	7
TTGCCTGGTCGCAGTC-1_9	3
TTGCGTCCATGTGTCA-1_9	0
TTGCGTCTCTGTCTCG-1_9	7
TTGCTGCAGCCAGTAG-1_9	3
TTGCTGCAGGATGAGA-1_9	5
TTGGATGAGTAGACAT-1_9	6
TTGGATGCAGAAATTG-1_9	0
TTGGATGTCGGTGTAT-1_9	2
TTGGATGTCTCGGTCT-1_9	3
TTGGGATGTGCGGCTT-1_9	6
TTGGGCGAGAGGCCAT-1_9	1
TTGGGTAAGCGGGTAT-1_9	3
TTGGTTTTCGCAATGT-1_9	3
TTGTGGAAGGTCCCTG-1_9	3
TTGTGTTCAGTGCGCT-1_9	0
TTGTGTTTCCTCTGCA-1_9	1
TTGTTCAAGTGATGGC-1_9	6
TTGTTGTAGGTATAGT-1_9	3
TTGTTTGGTCGAGTGA-1_9	7
TTGTTTGTCCTTTAGT-1_9	6
TTTACGTTCGTCACCT-1_9	1
TTTACTGCATAGATGA-1_9	1
TTTACTGTCTAGCAAC-1_9	7
TTTAGTCCACTACGGC-1_9	0
TTTAGTCTCCCAGGCA-1_9	7
TTTATGCAGACTCATC-1_9	5
TTTATGCGTACGACTT-1_9	3
TTTCATGGTTTCACTT-1_9	5
TTTCCTCTCCCTGGTT-1_9	3
TTTGGAGAGCGCTTCG-1_9	7
TTTGGTTAGCGTATGG-1_9	5
